-- MariaDB dump 10.17  Distrib 10.4.12-MariaDB, for Linux (x86_64)
--
-- Host: localhost    Database: cryptodash_prod
-- ------------------------------------------------------
-- Server version	10.4.11-MariaDB

/*!40101 SET @OLD_CHARACTER_SET_CLIENT=@@CHARACTER_SET_CLIENT */;
/*!40101 SET @OLD_CHARACTER_SET_RESULTS=@@CHARACTER_SET_RESULTS */;
/*!40101 SET @OLD_COLLATION_CONNECTION=@@COLLATION_CONNECTION */;
/*!40101 SET NAMES utf8mb4 */;
/*!40103 SET @OLD_TIME_ZONE=@@TIME_ZONE */;
/*!40103 SET TIME_ZONE='+00:00' */;
/*!40014 SET @OLD_UNIQUE_CHECKS=@@UNIQUE_CHECKS, UNIQUE_CHECKS=0 */;
/*!40014 SET @OLD_FOREIGN_KEY_CHECKS=@@FOREIGN_KEY_CHECKS, FOREIGN_KEY_CHECKS=0 */;
/*!40101 SET @OLD_SQL_MODE=@@SQL_MODE, SQL_MODE='NO_AUTO_VALUE_ON_ZERO' */;
/*!40111 SET @OLD_SQL_NOTES=@@SQL_NOTES, SQL_NOTES=0 */;

--
-- Table structure for table `asset`
--

DROP TABLE IF EXISTS `asset`;
/*!40101 SET @saved_cs_client     = @@character_set_client */;
/*!40101 SET character_set_client = utf8 */;
CREATE TABLE `asset` (
  `id` int(11) NOT NULL AUTO_INCREMENT,
  `symbol` varchar(255) COLLATE utf8mb4_unicode_ci NOT NULL,
  `name` varchar(255) COLLATE utf8mb4_unicode_ci NOT NULL,
  PRIMARY KEY (`id`)
) ENGINE=InnoDB AUTO_INCREMENT=2002 DEFAULT CHARSET=utf8mb4 COLLATE=utf8mb4_unicode_ci;
/*!40101 SET character_set_client = @saved_cs_client */;

--
-- Dumping data for table `asset`
--

LOCK TABLES `asset` WRITE;
/*!40000 ALTER TABLE `asset` DISABLE KEYS */;
INSERT INTO `asset` VALUES (32,'ARS','Pesos'),(840,'USD','Dólar'),(1001,'BTC','Bitcoin'),(1002,'ETH','Ethereum'),(1003,'XRP','Ripple'),(1004,'LTC','Litecoin'),(2000,'USDT','Tether'),(2001,'DAI','DAI');
/*!40000 ALTER TABLE `asset` ENABLE KEYS */;
UNLOCK TABLES;

--
-- Table structure for table `book_order`
--

DROP TABLE IF EXISTS `book_order`;
/*!40101 SET @saved_cs_client     = @@character_set_client */;
/*!40101 SET character_set_client = utf8 */;
CREATE TABLE `book_order` (
  `id` int(11) NOT NULL AUTO_INCREMENT,
  `exchange_id` int(11) NOT NULL,
  `user_id` int(11) DEFAULT NULL,
  `pair` varchar(255) COLLATE utf8mb4_unicode_ci NOT NULL,
  `price` double NOT NULL,
  `quantity` double NOT NULL,
  `side` smallint(6) NOT NULL,
  `date_time` datetime NOT NULL,
  PRIMARY KEY (`id`),
  KEY `IDX_FBEB86E168AFD1A0` (`exchange_id`),
  KEY `IDX_FBEB86E1A76ED395` (`user_id`),
  CONSTRAINT `FK_FBEB86E168AFD1A0` FOREIGN KEY (`exchange_id`) REFERENCES `exchange` (`id`),
  CONSTRAINT `FK_FBEB86E1A76ED395` FOREIGN KEY (`user_id`) REFERENCES `user` (`id`)
) ENGINE=InnoDB AUTO_INCREMENT=766932326 DEFAULT CHARSET=utf8mb4 COLLATE=utf8mb4_unicode_ci;
/*!40101 SET character_set_client = @saved_cs_client */;

--
-- Dumping data for table `book_order`
--

LOCK TABLES `book_order` WRITE;
/*!40000 ALTER TABLE `book_order` DISABLE KEYS */;
INSERT INTO `book_order` VALUES (766931479,9000,NULL,'BTC/ARS',1087000.01,0.001,1,'2020-06-29 15:15:01'),(766931480,9000,NULL,'BTC/ARS',1087000,0.0177,1,'2020-06-29 15:15:01'),(766931481,9000,NULL,'BTC/ARS',1082700,0.0462,1,'2020-06-29 15:15:01'),(766931482,9000,NULL,'BTC/ARS',1081001,0.0242,1,'2020-06-29 15:15:01'),(766931483,9000,NULL,'BTC/ARS',1080500,0.0074,1,'2020-06-29 15:15:01'),(766931484,9000,NULL,'BTC/ARS',1080000.02,0.0009,1,'2020-06-29 15:15:01'),(766931485,9000,NULL,'BTC/ARS',1070700,0.0093,1,'2020-06-29 15:15:01'),(766931486,9000,NULL,'BTC/ARS',1070002,0.001,1,'2020-06-29 15:15:01'),(766931487,9000,NULL,'BTC/ARS',1070001,0.005,1,'2020-06-29 15:15:01'),(766931488,9000,NULL,'BTC/ARS',1053500,0.0019,1,'2020-06-29 15:15:01'),(766931489,9000,NULL,'BTC/ARS',1050025,0.005,1,'2020-06-29 15:15:01'),(766931490,9000,NULL,'BTC/ARS',1050001,0.01,1,'2020-06-29 15:15:01'),(766931491,9000,NULL,'BTC/ARS',1050000,0.022,1,'2020-06-29 15:15:01'),(766931492,9000,NULL,'BTC/ARS',1040000,0.005,1,'2020-06-29 15:15:01'),(766931493,9000,NULL,'BTC/ARS',1020001,0.01,1,'2020-06-29 15:15:01'),(766931494,9000,NULL,'BTC/ARS',1000102,0.003,1,'2020-06-29 15:15:01'),(766931495,9000,NULL,'BTC/ARS',1000000,0.0152,1,'2020-06-29 15:15:01'),(766931496,9000,NULL,'BTC/ARS',995311,0.0031,1,'2020-06-29 15:15:01'),(766931497,9000,NULL,'BTC/ARS',964000,0.0015,1,'2020-06-29 15:15:01'),(766931498,9000,NULL,'BTC/ARS',950000,0.0026,1,'2020-06-29 15:15:01'),(766931499,9000,NULL,'BTC/ARS',920000,0.0053,1,'2020-06-29 15:15:01'),(766931500,9000,NULL,'BTC/ARS',900000,0.0028,1,'2020-06-29 15:15:01'),(766931501,9000,NULL,'BTC/ARS',885000,0.1093,1,'2020-06-29 15:15:01'),(766931502,9000,NULL,'BTC/ARS',875000,0.01,1,'2020-06-29 15:15:01'),(766931503,9000,NULL,'BTC/ARS',500000,0.0025,1,'2020-06-29 15:15:01'),(766931504,9000,NULL,'BTC/ARS',459000,0.0217,1,'2020-06-29 15:15:01'),(766931505,9000,NULL,'BTC/ARS',1103900,0.001,2,'2020-06-29 15:15:01'),(766931506,9000,NULL,'BTC/ARS',1104000,0.0111,2,'2020-06-29 15:15:01'),(766931507,9000,NULL,'BTC/ARS',1105555,0.0018,2,'2020-06-29 15:15:01'),(766931508,9000,NULL,'BTC/ARS',1109999,0.0201,2,'2020-06-29 15:15:01'),(766931509,9000,NULL,'BTC/ARS',1110559,0.0057,2,'2020-06-29 15:15:01'),(766931510,9000,NULL,'BTC/ARS',1115000,0.0105,2,'2020-06-29 15:15:01'),(766931511,9000,NULL,'BTC/ARS',1115998.99,0.005,2,'2020-06-29 15:15:01'),(766931512,9000,NULL,'BTC/ARS',1119998.97,0.0013,2,'2020-06-29 15:15:01'),(766931513,9000,NULL,'BTC/ARS',1122990,0.0106,2,'2020-06-29 15:15:01'),(766931514,9000,NULL,'BTC/ARS',1124000,0.006,2,'2020-06-29 15:15:01'),(766931515,9000,NULL,'BTC/ARS',1130000,0.0384,2,'2020-06-29 15:15:01'),(766931516,9000,NULL,'BTC/ARS',1138999,0.0079,2,'2020-06-29 15:15:01'),(766931517,9000,NULL,'BTC/ARS',1149000,0.0131,2,'2020-06-29 15:15:01'),(766931518,9000,NULL,'BTC/ARS',1149999,0.0074,2,'2020-06-29 15:15:01'),(766931519,9000,NULL,'BTC/ARS',1150000,0.02,2,'2020-06-29 15:15:01'),(766931520,9000,NULL,'BTC/ARS',1160000,0.0017,2,'2020-06-29 15:15:01'),(766931521,9000,NULL,'BTC/ARS',1165000,0.0313,2,'2020-06-29 15:15:01'),(766931522,9000,NULL,'BTC/ARS',1170000,0.0495,2,'2020-06-29 15:15:01'),(766931523,9000,NULL,'BTC/ARS',1171000,0.0224,2,'2020-06-29 15:15:01'),(766931524,9000,NULL,'BTC/ARS',1171111.11,0.0029,2,'2020-06-29 15:15:01'),(766931525,9000,NULL,'BTC/ARS',1178888,0.0088,2,'2020-06-29 15:15:01'),(766931526,9000,NULL,'BTC/ARS',1178999,0.0021,2,'2020-06-29 15:15:01'),(766931527,9000,NULL,'BTC/ARS',1179500,0.0359,2,'2020-06-29 15:15:01'),(766931528,9000,NULL,'BTC/ARS',1179998,0.01,2,'2020-06-29 15:15:01'),(766931529,9000,NULL,'BTC/ARS',1180000,0.0913,2,'2020-06-29 15:15:01'),(766931530,9000,NULL,'BTC/ARS',1180001,0.03,2,'2020-06-29 15:15:01'),(766931531,9000,NULL,'BTC/ARS',1180700,0.024,2,'2020-06-29 15:15:01'),(766931532,9000,NULL,'BTC/ARS',1181000,0.0279,2,'2020-06-29 15:15:01'),(766931533,9000,NULL,'BTC/ARS',1182899,0.0022,2,'2020-06-29 15:15:01'),(766931534,9000,NULL,'BTC/ARS',1185120,0.0023,2,'2020-06-29 15:15:01'),(766931535,9000,NULL,'BTC/ARS',1190000,0.1251,2,'2020-06-29 15:15:01'),(766931536,9000,NULL,'BTC/ARS',1190600,0.0063,2,'2020-06-29 15:15:01'),(766931537,9000,NULL,'BTC/ARS',1192834.75,0.01,2,'2020-06-29 15:15:01'),(766931538,9000,NULL,'BTC/ARS',1193000,0.026,2,'2020-06-29 15:15:01'),(766931539,9000,NULL,'BTC/ARS',1199998,0.01,2,'2020-06-29 15:15:01'),(766931540,9000,NULL,'BTC/ARS',1199999.99,0.0071,2,'2020-06-29 15:15:01'),(766931541,9000,NULL,'BTC/ARS',1200000,0.3162,2,'2020-06-29 15:15:01'),(766931542,9000,NULL,'BTC/ARS',1200100,0.0083,2,'2020-06-29 15:15:01'),(766931543,9000,NULL,'BTC/ARS',1201111.1,0.001,2,'2020-06-29 15:15:01'),(766931544,9000,NULL,'BTC/ARS',1204645,0.05,2,'2020-06-29 15:15:01'),(766931545,9000,NULL,'BTC/ARS',1210000,0.0454,2,'2020-06-29 15:15:01'),(766931546,9000,NULL,'BTC/ARS',1216455.24,0.1,2,'2020-06-29 15:15:01'),(766931547,9000,NULL,'BTC/ARS',1216989,0.0024,2,'2020-06-29 15:15:01'),(766931548,9000,NULL,'BTC/ARS',1220000,0.038,2,'2020-06-29 15:15:01'),(766931549,9000,NULL,'BTC/ARS',1223000,0.0361,2,'2020-06-29 15:15:01'),(766931550,9000,NULL,'BTC/ARS',1230000,0.02,2,'2020-06-29 15:15:01'),(766931551,9000,NULL,'BTC/ARS',1235000,0.02,2,'2020-06-29 15:15:01'),(766931552,9000,NULL,'BTC/ARS',1235200,0.02,2,'2020-06-29 15:15:01'),(766931553,9000,NULL,'BTC/ARS',1240000,0.0083,2,'2020-06-29 15:15:01'),(766931554,9000,NULL,'BTC/ARS',1246300,0.01,2,'2020-06-29 15:15:01'),(766931555,9000,NULL,'BTC/ARS',1248500,0.0016,2,'2020-06-29 15:15:01'),(766931556,9000,NULL,'BTC/ARS',1248600,0.0021,2,'2020-06-29 15:15:01'),(766931557,9000,NULL,'BTC/ARS',1248700,0.0016,2,'2020-06-29 15:15:01'),(766931558,9000,NULL,'BTC/ARS',1248800,0.0016,2,'2020-06-29 15:15:01'),(766931559,9000,NULL,'BTC/ARS',1249000,0.0016,2,'2020-06-29 15:15:01'),(766931560,9000,NULL,'BTC/ARS',1250000,0.0269,2,'2020-06-29 15:15:01'),(766931561,9000,NULL,'BTC/ARS',1251000,0.0092,2,'2020-06-29 15:15:01'),(766931562,9000,NULL,'BTC/ARS',1260000,0.1037,2,'2020-06-29 15:15:01'),(766931563,9000,NULL,'BTC/ARS',1265000,0.0356,2,'2020-06-29 15:15:01'),(766931564,9000,NULL,'BTC/ARS',1272321.85,0.0045,2,'2020-06-29 15:15:01'),(766931565,9000,NULL,'BTC/ARS',1279999.99,0.0114,2,'2020-06-29 15:15:01'),(766931566,9000,NULL,'BTC/ARS',1280000,0.005,2,'2020-06-29 15:15:01'),(766931567,9000,NULL,'BTC/ARS',1289500,0.0236,2,'2020-06-29 15:15:01'),(766931568,9000,NULL,'BTC/ARS',1289672,0.0349,2,'2020-06-29 15:15:01'),(766931569,9000,NULL,'BTC/ARS',1290000,0.0303,2,'2020-06-29 15:15:01'),(766931570,9000,NULL,'BTC/ARS',1300000,0.0561,2,'2020-06-29 15:15:01'),(766931571,9000,NULL,'BTC/ARS',1310000,0.0537,2,'2020-06-29 15:15:01'),(766931572,9000,NULL,'BTC/ARS',1312000,0.0065,2,'2020-06-29 15:15:01'),(766931573,9000,NULL,'BTC/ARS',1320000,0.018,2,'2020-06-29 15:15:01'),(766931574,9000,NULL,'BTC/ARS',1350000,0.0031,2,'2020-06-29 15:15:01'),(766931575,9000,NULL,'BTC/ARS',1400000,0.0034,2,'2020-06-29 15:15:01'),(766931576,9000,NULL,'ETH/ARS',26400.01,0.0455,1,'2020-06-29 15:15:02'),(766931577,9000,NULL,'ETH/ARS',26400,0.1,1,'2020-06-29 15:15:02'),(766931578,9000,NULL,'ETH/ARS',26200,0.0519,1,'2020-06-29 15:15:02'),(766931579,9000,NULL,'ETH/ARS',25998,0.711,1,'2020-06-29 15:15:02'),(766931580,9000,NULL,'ETH/ARS',25307,0.45,1,'2020-06-29 15:15:02'),(766931581,9000,NULL,'ETH/ARS',25200,0.6,1,'2020-06-29 15:15:02'),(766931582,9000,NULL,'ETH/ARS',25100,0.8769,1,'2020-06-29 15:15:02'),(766931583,9000,NULL,'ETH/ARS',25000,0.4468,1,'2020-06-29 15:15:02'),(766931584,9000,NULL,'ETH/ARS',24750,0.25,1,'2020-06-29 15:15:02'),(766931585,9000,NULL,'ETH/ARS',24500,0.8208,1,'2020-06-29 15:15:02'),(766931586,9000,NULL,'ETH/ARS',23005,0.25,1,'2020-06-29 15:15:02'),(766931587,9000,NULL,'ETH/ARS',22500,0.1,1,'2020-06-29 15:15:02'),(766931588,9000,NULL,'ETH/ARS',21505.02,0.0345,1,'2020-06-29 15:15:02'),(766931589,9000,NULL,'ETH/ARS',27500,0.0129,2,'2020-06-29 15:15:02'),(766931590,9000,NULL,'ETH/ARS',27600,0.1724,2,'2020-06-29 15:15:02'),(766931591,9000,NULL,'ETH/ARS',28450,0.1328,2,'2020-06-29 15:15:02'),(766931592,9000,NULL,'ETH/ARS',28500,0.7822,2,'2020-06-29 15:15:02'),(766931593,9000,NULL,'ETH/ARS',28750,0.6147,2,'2020-06-29 15:15:02'),(766931594,9000,NULL,'ETH/ARS',28800,0.2483,2,'2020-06-29 15:15:02'),(766931595,9000,NULL,'ETH/ARS',28825,0.6158,2,'2020-06-29 15:15:02'),(766931596,9000,NULL,'ETH/ARS',28999,0.1102,2,'2020-06-29 15:15:02'),(766931597,9000,NULL,'ETH/ARS',29000,0.3584,2,'2020-06-29 15:15:02'),(766931598,9000,NULL,'ETH/ARS',29400,0.0814,2,'2020-06-29 15:15:02'),(766931599,9000,NULL,'ETH/ARS',29499,0.2775,2,'2020-06-29 15:15:02'),(766931600,9000,NULL,'ETH/ARS',29500,0.7862,2,'2020-06-29 15:15:02'),(766931601,9000,NULL,'ETH/ARS',29700,0.2448,2,'2020-06-29 15:15:02'),(766931602,9000,NULL,'ETH/ARS',29826.55,2,2,'2020-06-29 15:15:02'),(766931603,9000,NULL,'ETH/ARS',30290,0.0495,2,'2020-06-29 15:15:02'),(766931604,9000,NULL,'ETH/ARS',30411.38,2.25,2,'2020-06-29 15:15:02'),(766931605,9000,NULL,'ETH/ARS',31000,0.0834,2,'2020-06-29 15:15:02'),(766931606,9000,NULL,'ETH/ARS',32105,0.2,2,'2020-06-29 15:15:02'),(766931607,9000,NULL,'ETH/ARS',32210,0.139,2,'2020-06-29 15:15:02'),(766931608,9000,NULL,'ETH/ARS',32900,0.5,2,'2020-06-29 15:15:02'),(766931609,9000,NULL,'ETH/ARS',33500,0.1604,2,'2020-06-29 15:15:02'),(766931610,9000,NULL,'ETH/ARS',34000,0.318,2,'2020-06-29 15:15:02'),(766931611,9000,NULL,'ETH/ARS',35000,0.5,2,'2020-06-29 15:15:02'),(766931612,9000,NULL,'USDC/ARS',120.66,414.7604,1,'2020-06-29 15:15:02'),(766931613,9000,NULL,'USDC/ARS',120.65,4121.6659,1,'2020-06-29 15:15:02'),(766931614,9000,NULL,'USDC/ARS',120.5,12.4481,1,'2020-06-29 15:15:02'),(766931615,9000,NULL,'USDC/ARS',120.31,23.8041,1,'2020-06-29 15:15:02'),(766931616,9000,NULL,'USDC/ARS',120.3,1000,1,'2020-06-29 15:15:02'),(766931617,9000,NULL,'USDC/ARS',120.1,12.4896,1,'2020-06-29 15:15:02'),(766931618,9000,NULL,'USDC/ARS',120,298.2334,1,'2020-06-29 15:15:02'),(766931619,9000,NULL,'USDC/ARS',119.7,101.77,1,'2020-06-29 15:15:02'),(766931620,9000,NULL,'USDC/ARS',119.2,234.6515,1,'2020-06-29 15:15:02'),(766931621,9000,NULL,'USDC/ARS',119,851.8867,1,'2020-06-29 15:15:02'),(766931622,9000,NULL,'USDC/ARS',118.8,252.5275,1,'2020-06-29 15:15:02'),(766931623,9000,NULL,'USDC/ARS',118.5,1608.8842,1,'2020-06-29 15:15:02'),(766931624,9000,NULL,'USDC/ARS',118.2,1059.322,1,'2020-06-29 15:15:02'),(766931625,9000,NULL,'USDC/ARS',118,1762.9661,1,'2020-06-29 15:15:02'),(766931626,9000,NULL,'USDC/ARS',117.5,680.8511,1,'2020-06-29 15:15:02'),(766931627,9000,NULL,'USDC/ARS',117.12,120.53,1,'2020-06-29 15:15:02'),(766931628,9000,NULL,'USDC/ARS',117,598.2906,1,'2020-06-29 15:15:02'),(766931629,9000,NULL,'USDC/ARS',116.5,515.0215,1,'2020-06-29 15:15:02'),(766931630,9000,NULL,'USDC/ARS',116,1252.2414,1,'2020-06-29 15:15:02'),(766931631,9000,NULL,'USDC/ARS',115.5,432.9004,1,'2020-06-29 15:15:02'),(766931632,9000,NULL,'USDC/ARS',115,1217.3913,1,'2020-06-29 15:15:02'),(766931633,9000,NULL,'USDC/ARS',114.5,336.4279,1,'2020-06-29 15:15:02'),(766931634,9000,NULL,'USDC/ARS',114.2,368.9755,1,'2020-06-29 15:15:02'),(766931635,9000,NULL,'USDC/ARS',121.39,269.7493,2,'2020-06-29 15:15:02'),(766931636,9000,NULL,'USDC/ARS',121.4,47.7541,2,'2020-06-29 15:15:02'),(766931637,9000,NULL,'USDC/ARS',121.47,10,2,'2020-06-29 15:15:02'),(766931638,9000,NULL,'USDC/ARS',121.5,1000,2,'2020-06-29 15:15:02'),(766931639,9000,NULL,'USDC/ARS',121.72,74.4446,2,'2020-06-29 15:15:02'),(766931640,9000,NULL,'USDC/ARS',121.89,50,2,'2020-06-29 15:15:02'),(766931641,9000,NULL,'USDC/ARS',121.95,600,2,'2020-06-29 15:15:02'),(766931642,9000,NULL,'USDC/ARS',122,700,2,'2020-06-29 15:15:02'),(766931643,9000,NULL,'USDC/ARS',122.1,530,2,'2020-06-29 15:15:02'),(766931644,9000,NULL,'USDC/ARS',122.22,162.1904,2,'2020-06-29 15:15:02'),(766931645,9000,NULL,'USDC/ARS',122.3,24.6288,2,'2020-06-29 15:15:02'),(766931646,9000,NULL,'USDC/ARS',122.38,100.3281,2,'2020-06-29 15:15:02'),(766931647,9000,NULL,'USDC/ARS',122.39,1320,2,'2020-06-29 15:15:02'),(766931648,9000,NULL,'USDC/ARS',122.49,129,2,'2020-06-29 15:15:02'),(766931649,9000,NULL,'USDC/ARS',122.93,680,2,'2020-06-29 15:15:02'),(766931650,9000,NULL,'USDC/ARS',122.95,870,2,'2020-06-29 15:15:02'),(766931651,9000,NULL,'USDC/ARS',123,578.3298,2,'2020-06-29 15:15:02'),(766931652,9000,NULL,'USDC/ARS',123.37,800,2,'2020-06-29 15:15:02'),(766931653,9000,NULL,'USDC/ARS',123.4,47.44,2,'2020-06-29 15:15:02'),(766931654,9000,NULL,'USDC/ARS',123.5,21,2,'2020-06-29 15:15:02'),(766931655,9000,NULL,'USDC/ARS',123.68,700,2,'2020-06-29 15:15:02'),(766931656,9000,NULL,'USDC/ARS',123.7,40.45,2,'2020-06-29 15:15:02'),(766931657,9000,NULL,'USDC/ARS',123.78,35.5752,2,'2020-06-29 15:15:02'),(766931658,9000,NULL,'USDC/ARS',123.84,993.5069,2,'2020-06-29 15:15:02'),(766931659,9000,NULL,'USDC/ARS',124,8034.84,2,'2020-06-29 15:15:02'),(766931660,9000,NULL,'USDC/ARS',124.3,1284.6508,2,'2020-06-29 15:15:02'),(766931661,9000,NULL,'USDC/ARS',124.49,100.1606,2,'2020-06-29 15:15:02'),(766931662,9000,NULL,'USDC/ARS',124.5,2500,2,'2020-06-29 15:15:02'),(766931663,9000,NULL,'USDC/ARS',125,6167.6997,2,'2020-06-29 15:15:02'),(766931664,9000,NULL,'USDC/ARS',125.8,2409.9268,2,'2020-06-29 15:15:02'),(766931665,9000,NULL,'USDC/ARS',126,2500,2,'2020-06-29 15:15:02'),(766931666,9000,NULL,'USDC/ARS',126.6,5000,2,'2020-06-29 15:15:02'),(766931667,9000,NULL,'USDC/ARS',127,6988.189,2,'2020-06-29 15:15:02'),(766931668,9000,NULL,'USDC/ARS',127.25,2708,2,'2020-06-29 15:15:02'),(766931669,9000,NULL,'USDC/ARS',127.5,6500,2,'2020-06-29 15:15:02'),(766931670,9000,NULL,'USDC/ARS',128,1500,2,'2020-06-29 15:15:02'),(766931671,9000,NULL,'USDC/ARS',130,110,2,'2020-06-29 15:15:02'),(766931672,9000,NULL,'USDC/ARS',130.8,5000,2,'2020-06-29 15:15:02'),(766931673,9000,NULL,'USDC/ARS',130.9,8000,2,'2020-06-29 15:15:02'),(766931674,9000,NULL,'USDC/ARS',132,68.2078,2,'2020-06-29 15:15:02'),(766931675,9000,NULL,'USDC/ARS',145,110,2,'2020-06-29 15:15:02'),(766931676,9000,NULL,'USDC/ARS',156.25,20,2,'2020-06-29 15:15:02'),(766931677,9000,NULL,'BTC/USDC',9000,0.01035,1,'2020-06-29 15:15:03'),(766931678,9000,NULL,'BTC/USDC',8977.66,0.1,1,'2020-06-29 15:15:03'),(766931679,9000,NULL,'BTC/USDC',8970,0.01,1,'2020-06-29 15:15:03'),(766931680,9000,NULL,'BTC/USDC',8942.66,0.00829,1,'2020-06-29 15:15:03'),(766931681,9000,NULL,'BTC/USDC',8911,0.00135,1,'2020-06-29 15:15:03'),(766931682,9000,NULL,'BTC/USDC',8901,0.0015,1,'2020-06-29 15:15:03'),(766931683,9000,NULL,'BTC/USDC',8900,0.02025,1,'2020-06-29 15:15:03'),(766931684,9000,NULL,'BTC/USDC',8886.06,0.125,1,'2020-06-29 15:15:03'),(766931685,9000,NULL,'BTC/USDC',8880,0.00135,1,'2020-06-29 15:15:03'),(766931686,9000,NULL,'BTC/USDC',8800.01,0.03409,1,'2020-06-29 15:15:03'),(766931687,9000,NULL,'BTC/USDC',8800,0.01028,1,'2020-06-29 15:15:03'),(766931688,9000,NULL,'BTC/USDC',8750,0.07676,1,'2020-06-29 15:15:03'),(766931689,9000,NULL,'BTC/USDC',8700,0.14115,1,'2020-06-29 15:15:03'),(766931690,9000,NULL,'BTC/USDC',8650,0.0415,1,'2020-06-29 15:15:03'),(766931691,9000,NULL,'BTC/USDC',8550,0.00795,1,'2020-06-29 15:15:03'),(766931692,9000,NULL,'BTC/USDC',8500,0.12288,1,'2020-06-29 15:15:03'),(766931693,9000,NULL,'BTC/USDC',8354,0.01197,1,'2020-06-29 15:15:03'),(766931694,9000,NULL,'BTC/USDC',8353,0.01197,1,'2020-06-29 15:15:03'),(766931695,9000,NULL,'BTC/USDC',8301.99,0.00893,1,'2020-06-29 15:15:03'),(766931696,9000,NULL,'BTC/USDC',8300,0.00121,1,'2020-06-29 15:15:03'),(766931697,9000,NULL,'BTC/USDC',8250,0.05115,1,'2020-06-29 15:15:03'),(766931698,9000,NULL,'BTC/USDC',8243,0.01213,1,'2020-06-29 15:15:03'),(766931699,9000,NULL,'BTC/USDC',8152,0.01227,1,'2020-06-29 15:15:03'),(766931700,9000,NULL,'BTC/USDC',8100,0.02352,1,'2020-06-29 15:15:03'),(766931701,9000,NULL,'BTC/USDC',8070,0.00842,1,'2020-06-29 15:15:03'),(766931702,9000,NULL,'BTC/USDC',8000,0.00125,1,'2020-06-29 15:15:03'),(766931703,9000,NULL,'BTC/USDC',7935.9,0.00934,1,'2020-06-29 15:15:03'),(766931704,9000,NULL,'BTC/USDC',7900,0.01698,1,'2020-06-29 15:15:03'),(766931705,9000,NULL,'BTC/USDC',7853,0.01273,1,'2020-06-29 15:15:03'),(766931706,9000,NULL,'BTC/USDC',7752.85,0.01913,1,'2020-06-29 15:15:03'),(766931707,9000,NULL,'BTC/USDC',7750,0.00142,1,'2020-06-29 15:15:03'),(766931708,9000,NULL,'BTC/USDC',7700,0.02883,1,'2020-06-29 15:15:03'),(766931709,9000,NULL,'BTC/USDC',7600,0.00734,1,'2020-06-29 15:15:03'),(766931710,9000,NULL,'BTC/USDC',7500,0.01296,1,'2020-06-29 15:15:03'),(766931711,9000,NULL,'BTC/USDC',7413.07,0.0028,1,'2020-06-29 15:15:03'),(766931712,9000,NULL,'BTC/USDC',7354,0.0136,1,'2020-06-29 15:15:03'),(766931713,9000,NULL,'BTC/USDC',7200,0.00694,1,'2020-06-29 15:15:03'),(766931714,9000,NULL,'BTC/USDC',7157,0.01397,1,'2020-06-29 15:15:03'),(766931715,9000,NULL,'BTC/USDC',7110,0.02173,1,'2020-06-29 15:15:03'),(766931716,9000,NULL,'BTC/USDC',7100,0.0015,1,'2020-06-29 15:15:03'),(766931717,9000,NULL,'BTC/USDC',7000,0.01429,1,'2020-06-29 15:15:03'),(766931718,9000,NULL,'BTC/USDC',6975,0.01434,1,'2020-06-29 15:15:03'),(766931719,9000,NULL,'BTC/USDC',6800,0.00657,1,'2020-06-29 15:15:03'),(766931720,9000,NULL,'BTC/USDC',6700,0.005,1,'2020-06-29 15:15:03'),(766931721,9000,NULL,'BTC/USDC',6669,0.005,1,'2020-06-29 15:15:03'),(766931722,9000,NULL,'BTC/USDC',6600,0.00385,1,'2020-06-29 15:15:03'),(766931723,9000,NULL,'BTC/USDC',6559,0.00961,1,'2020-06-29 15:15:03'),(766931724,9000,NULL,'BTC/USDC',6500,0.00327,1,'2020-06-29 15:15:03'),(766931725,9000,NULL,'BTC/USDC',6200,0.00321,1,'2020-06-29 15:15:03'),(766931726,9000,NULL,'BTC/USDC',6000,0.00191,1,'2020-06-29 15:15:03'),(766931727,9000,NULL,'BTC/USDC',5500,0.30816,1,'2020-06-29 15:15:03'),(766931728,9000,NULL,'BTC/USDC',9184.98,0.02979,2,'2020-06-29 15:15:03'),(766931729,9000,NULL,'BTC/USDC',9184.99,0.003,2,'2020-06-29 15:15:03'),(766931730,9000,NULL,'BTC/USDC',9185,0.01,2,'2020-06-29 15:15:03'),(766931731,9000,NULL,'BTC/USDC',9190,0.005,2,'2020-06-29 15:15:03'),(766931732,9000,NULL,'BTC/USDC',9200,0.00334,2,'2020-06-29 15:15:03'),(766931733,9000,NULL,'BTC/USDC',9299.99,0.003,2,'2020-06-29 15:15:03'),(766931734,9000,NULL,'BTC/USDC',9300,0.06964,2,'2020-06-29 15:15:03'),(766931735,9000,NULL,'BTC/USDC',9301,0.00129,2,'2020-06-29 15:15:03'),(766931736,9000,NULL,'BTC/USDC',9344.44,0.1,2,'2020-06-29 15:15:03'),(766931737,9000,NULL,'BTC/USDC',9350,0.02,2,'2020-06-29 15:15:03'),(766931738,9000,NULL,'BTC/USDC',9400,0.02632,2,'2020-06-29 15:15:03'),(766931739,9000,NULL,'BTC/USDC',9429,0.01591,2,'2020-06-29 15:15:03'),(766931740,9000,NULL,'BTC/USDC',9436.05,0.125,2,'2020-06-29 15:15:03'),(766931741,9000,NULL,'BTC/USDC',9450,0.01,2,'2020-06-29 15:15:03'),(766931742,9000,NULL,'BTC/USDC',9500,0.0139,2,'2020-06-29 15:15:03'),(766931743,9000,NULL,'BTC/USDC',9536,0.00126,2,'2020-06-29 15:15:03'),(766931744,9000,NULL,'BTC/USDC',9550,0.00861,2,'2020-06-29 15:15:03'),(766931745,9000,NULL,'BTC/USDC',9556,0.00115,2,'2020-06-29 15:15:03'),(766931746,9000,NULL,'BTC/USDC',9575,0.00115,2,'2020-06-29 15:15:03'),(766931747,9000,NULL,'BTC/USDC',9600,0.03969,2,'2020-06-29 15:15:03'),(766931748,9000,NULL,'BTC/USDC',9650,0.01696,2,'2020-06-29 15:15:03'),(766931749,9000,NULL,'BTC/USDC',9661,0.00114,2,'2020-06-29 15:15:03'),(766931750,9000,NULL,'BTC/USDC',9671,0.00114,2,'2020-06-29 15:15:03'),(766931751,9000,NULL,'BTC/USDC',9685,0.00971,2,'2020-06-29 15:15:03'),(766931752,9000,NULL,'BTC/USDC',9700,0.11757,2,'2020-06-29 15:15:03'),(766931753,9000,NULL,'BTC/USDC',9750,0.0069,2,'2020-06-29 15:15:03'),(766931754,9000,NULL,'BTC/USDC',9760,0.005,2,'2020-06-29 15:15:03'),(766931755,9000,NULL,'BTC/USDC',9766,0.00113,2,'2020-06-29 15:15:03'),(766931756,9000,NULL,'BTC/USDC',9800,0.36364,2,'2020-06-29 15:15:03'),(766931757,9000,NULL,'BTC/USDC',9845,0.01488,2,'2020-06-29 15:15:03'),(766931758,9000,NULL,'BTC/USDC',9850,0.03135,2,'2020-06-29 15:15:03'),(766931759,9000,NULL,'BTC/USDC',9860,0.04706,2,'2020-06-29 15:15:03'),(766931760,9000,NULL,'BTC/USDC',9890,0.04796,2,'2020-06-29 15:15:03'),(766931761,9000,NULL,'BTC/USDC',9900,0.09632,2,'2020-06-29 15:15:03'),(766931762,9000,NULL,'BTC/USDC',9901,0.002,2,'2020-06-29 15:15:03'),(766931763,9000,NULL,'BTC/USDC',9950,0.00148,2,'2020-06-29 15:15:03'),(766931764,9000,NULL,'BTC/USDC',10000,0.06665,2,'2020-06-29 15:15:03'),(766931765,9000,NULL,'BTC/USDC',10049,0.00246,2,'2020-06-29 15:15:03'),(766931766,9000,NULL,'BTC/USDC',10100,0.2176,2,'2020-06-29 15:15:03'),(766931767,9000,NULL,'BTC/USDC',10134,0.00125,2,'2020-06-29 15:15:03'),(766931768,9000,NULL,'BTC/USDC',10200,0.11624,2,'2020-06-29 15:15:03'),(766931769,9000,NULL,'BTC/USDC',10243,0.00127,2,'2020-06-29 15:15:03'),(766931770,9000,NULL,'BTC/USDC',10250,0.00428,2,'2020-06-29 15:15:03'),(766931771,9000,NULL,'BTC/USDC',10300,0.01632,2,'2020-06-29 15:15:03'),(766931772,9000,NULL,'BTC/USDC',10400,0.01512,2,'2020-06-29 15:15:03'),(766931773,9000,NULL,'BTC/USDC',10500,0.12547,2,'2020-06-29 15:15:03'),(766931774,9000,NULL,'BTC/USDC',10550,0.06111,2,'2020-06-29 15:15:03'),(766931775,9000,NULL,'BTC/USDC',10564,0.0026,2,'2020-06-29 15:15:03'),(766931776,9000,NULL,'BTC/USDC',10954,0.00494,2,'2020-06-29 15:15:03'),(766931777,9000,NULL,'BTC/USDC',11000,0.02199,2,'2020-06-29 15:15:03'),(766931778,9000,NULL,'BTC/USDC',11160,0.002,2,'2020-06-29 15:15:03'),(766931779,9000,NULL,'BTC/USDC',11500,0.007,2,'2020-06-29 15:15:03'),(766931780,9000,NULL,'BTC/USDC',11512,0.005,2,'2020-06-29 15:15:03'),(766931781,9000,NULL,'BTC/USDC',11937.5,0.005,2,'2020-06-29 15:15:03'),(766931782,9000,NULL,'BTC/USDC',12075,0.003,2,'2020-06-29 15:15:03'),(766931783,9000,NULL,'BTC/USDC',12100,0.01404,2,'2020-06-29 15:15:03'),(766931784,9000,NULL,'BTC/USDC',12251,0.005,2,'2020-06-29 15:15:03'),(766931785,9000,NULL,'BTC/USDC',12375.01,0.01273,2,'2020-06-29 15:15:03'),(766931786,9000,NULL,'BTC/USDC',12427.5,0.0086,2,'2020-06-29 15:15:03'),(766931787,9000,NULL,'ETH/USDC',222.39,1,1,'2020-06-29 15:15:04'),(766931788,9000,NULL,'ETH/USDC',220.12,1.25,1,'2020-06-29 15:15:04'),(766931789,9000,NULL,'ETH/USDC',219.33,0.2027,1,'2020-06-29 15:15:04'),(766931790,9000,NULL,'ETH/USDC',216,0.5463,1,'2020-06-29 15:15:04'),(766931791,9000,NULL,'ETH/USDC',215.17,0.6553,1,'2020-06-29 15:15:04'),(766931792,9000,NULL,'ETH/USDC',215,0.1,1,'2020-06-29 15:15:04'),(766931793,9000,NULL,'ETH/USDC',210,0.1,1,'2020-06-29 15:15:04'),(766931794,9000,NULL,'ETH/USDC',206,0.25,1,'2020-06-29 15:15:04'),(766931795,9000,NULL,'ETH/USDC',205,0.1,1,'2020-06-29 15:15:04'),(766931796,9000,NULL,'ETH/USDC',202,0.57426,1,'2020-06-29 15:15:04'),(766931797,9000,NULL,'ETH/USDC',200,0.1,1,'2020-06-29 15:15:04'),(766931798,9000,NULL,'ETH/USDC',195,0.08,1,'2020-06-29 15:15:04'),(766931799,9000,NULL,'ETH/USDC',190.1,2.22023,1,'2020-06-29 15:15:04'),(766931800,9000,NULL,'ETH/USDC',178.5,0.57143,1,'2020-06-29 15:15:04'),(766931801,9000,NULL,'ETH/USDC',175,0.1,1,'2020-06-29 15:15:04'),(766931802,9000,NULL,'ETH/USDC',165.08,0.70102,1,'2020-06-29 15:15:04'),(766931803,9000,NULL,'ETH/USDC',165,0.57333,1,'2020-06-29 15:15:04'),(766931804,9000,NULL,'ETH/USDC',153,4.1498,1,'2020-06-29 15:15:04'),(766931805,9000,NULL,'ETH/USDC',150,0.13795,1,'2020-06-29 15:15:04'),(766931806,9000,NULL,'ETH/USDC',141,0.09041,1,'2020-06-29 15:15:04'),(766931807,9000,NULL,'ETH/USDC',135,0.35,1,'2020-06-29 15:15:04'),(766931808,9000,NULL,'ETH/USDC',129.75,0.2,1,'2020-06-29 15:15:04'),(766931809,9000,NULL,'ETH/USDC',125.01,0.78353,1,'2020-06-29 15:15:04'),(766931810,9000,NULL,'ETH/USDC',230.99,0.04352,2,'2020-06-29 15:15:04'),(766931811,9000,NULL,'ETH/USDC',231,2.2,2,'2020-06-29 15:15:04'),(766931812,9000,NULL,'ETH/USDC',233,0.3565,2,'2020-06-29 15:15:04'),(766931813,9000,NULL,'ETH/USDC',234,0.14,2,'2020-06-29 15:15:04'),(766931814,9000,NULL,'ETH/USDC',235,0.11495,2,'2020-06-29 15:15:04'),(766931815,9000,NULL,'ETH/USDC',244,0.30001,2,'2020-06-29 15:15:04'),(766931816,9000,NULL,'ETH/USDC',245,0.42163,2,'2020-06-29 15:15:04'),(766931817,9000,NULL,'ETH/USDC',246,0.25063,2,'2020-06-29 15:15:04'),(766931818,9000,NULL,'ETH/USDC',247,0.05579,2,'2020-06-29 15:15:04'),(766931819,9000,NULL,'ETH/USDC',250,1.48449,2,'2020-06-29 15:15:04'),(766931820,9000,NULL,'ETH/USDC',251.49,0.21829,2,'2020-06-29 15:15:04'),(766931821,9000,NULL,'ETH/USDC',253,0.06934,2,'2020-06-29 15:15:04'),(766931822,9000,NULL,'ETH/USDC',254,0.50442,2,'2020-06-29 15:15:04'),(766931823,9000,NULL,'ETH/USDC',255,0.05,2,'2020-06-29 15:15:04'),(766931824,9000,NULL,'ETH/USDC',256,0.05,2,'2020-06-29 15:15:04'),(766931825,9000,NULL,'ETH/USDC',260,1,2,'2020-06-29 15:15:04'),(766931826,9000,NULL,'ETH/USDC',269.7,1,2,'2020-06-29 15:15:04'),(766931827,9000,NULL,'ETH/USDC',270,2.86221,2,'2020-06-29 15:15:04'),(766931828,9000,NULL,'ETH/USDC',321.23,0.35,2,'2020-06-29 15:15:04'),(766931829,9000,NULL,'ETH/USDC',325,0.5,2,'2020-06-29 15:15:04'),(766931830,9003,NULL,'BTC/ARS',1091160,0.004398,1,'2020-06-29 15:14:59'),(766931831,9003,NULL,'BTC/ARS',1091140,0.007248,1,'2020-06-29 15:14:59'),(766931832,9003,NULL,'BTC/ARS',1091100,0.002244,1,'2020-06-29 15:14:59'),(766931833,9003,NULL,'BTC/ARS',1090000,0.046788,1,'2020-06-29 15:14:59'),(766931834,9003,NULL,'BTC/ARS',1087000,0.013675,1,'2020-06-29 15:14:59'),(766931835,9003,NULL,'BTC/ARS',1086800,0.004118,1,'2020-06-29 15:14:59'),(766931836,9003,NULL,'BTC/ARS',1077080,0.104,1,'2020-06-29 15:14:59'),(766931837,9003,NULL,'BTC/ARS',1077060,0.008961,1,'2020-06-29 15:14:59'),(766931838,9003,NULL,'BTC/ARS',1077040,0.106353,1,'2020-06-29 15:14:59'),(766931839,9003,NULL,'BTC/ARS',1076100,0.136544,1,'2020-06-29 15:14:59'),(766931840,9003,NULL,'BTC/ARS',1070900,0.069444,1,'2020-06-29 15:14:59'),(766931841,9003,NULL,'BTC/ARS',1069440,0.039957,1,'2020-06-29 15:14:59'),(766931842,9003,NULL,'BTC/ARS',1067940,0.004681,1,'2020-06-29 15:14:59'),(766931843,9003,NULL,'BTC/ARS',1067900,0.102079,1,'2020-06-29 15:14:59'),(766931844,9003,NULL,'BTC/ARS',1066940,0.015237,1,'2020-06-29 15:14:59'),(766931845,9003,NULL,'BTC/ARS',1060960,0.00214,1,'2020-06-29 15:14:59'),(766931846,9003,NULL,'BTC/ARS',1057580,0.082794,1,'2020-06-29 15:14:59'),(766931847,9003,NULL,'BTC/ARS',1057000,0.014064,1,'2020-06-29 15:14:59'),(766931848,9003,NULL,'BTC/ARS',1050000,0.001861,1,'2020-06-29 15:14:59'),(766931849,9003,NULL,'BTC/ARS',1050000,0.018876,1,'2020-06-29 15:14:59'),(766931850,9003,NULL,'BTC/ARS',1111940,0.017597841808011,2,'2020-06-29 15:14:59'),(766931851,9003,NULL,'BTC/ARS',1111960,0.046205,2,'2020-06-29 15:14:59'),(766931852,9003,NULL,'BTC/ARS',1112000,0.122154,2,'2020-06-29 15:14:59'),(766931853,9003,NULL,'BTC/ARS',1115000,0.06742,2,'2020-06-29 15:14:59'),(766931854,9003,NULL,'BTC/ARS',1116660,0.001763,2,'2020-06-29 15:14:59'),(766931855,9003,NULL,'BTC/ARS',1118000,0.01,2,'2020-06-29 15:14:59'),(766931856,9003,NULL,'BTC/ARS',1124480,0.0654,2,'2020-06-29 15:14:59'),(766931857,9003,NULL,'BTC/ARS',1124500,0.022431,2,'2020-06-29 15:14:59'),(766931858,9003,NULL,'BTC/ARS',1124900,0.004589,2,'2020-06-29 15:14:59'),(766931859,9003,NULL,'BTC/ARS',1124980,0.005,2,'2020-06-29 15:14:59'),(766931860,9003,NULL,'BTC/ARS',1125000,0.004565,2,'2020-06-29 15:14:59'),(766931861,9003,NULL,'BTC/ARS',1125520,0.001335,2,'2020-06-29 15:14:59'),(766931862,9003,NULL,'BTC/ARS',1126980,0.003468,2,'2020-06-29 15:14:59'),(766931863,9003,NULL,'BTC/ARS',1127100,0.004568,2,'2020-06-29 15:14:59'),(766931864,9003,NULL,'BTC/ARS',1127200,0.005146,2,'2020-06-29 15:14:59'),(766931865,9003,NULL,'BTC/ARS',1127280,0.005384,2,'2020-06-29 15:14:59'),(766931866,9003,NULL,'BTC/ARS',1127300,0.005384,2,'2020-06-29 15:14:59'),(766931867,9003,NULL,'BTC/ARS',1127400,0.004978,2,'2020-06-29 15:14:59'),(766931868,9003,NULL,'BTC/ARS',1127500,0.004659,2,'2020-06-29 15:14:59'),(766931869,9003,NULL,'BTC/ARS',1129800,0.0069,2,'2020-06-29 15:14:59'),(766931870,9003,NULL,'ETH/ARS',26758,3.328,1,'2020-06-29 15:15:00'),(766931871,9003,NULL,'ETH/ARS',26756,0.894,1,'2020-06-29 15:15:00'),(766931872,9003,NULL,'ETH/ARS',26700,0.0204,1,'2020-06-29 15:15:00'),(766931873,9003,NULL,'ETH/ARS',26674,0.081,1,'2020-06-29 15:15:00'),(766931874,9003,NULL,'ETH/ARS',26674,0.1895,1,'2020-06-29 15:15:00'),(766931875,9003,NULL,'ETH/ARS',26650,2.2514,1,'2020-06-29 15:15:00'),(766931876,9003,NULL,'ETH/ARS',26614,9.5639,1,'2020-06-29 15:15:00'),(766931877,9003,NULL,'ETH/ARS',26500,0.0513,1,'2020-06-29 15:15:00'),(766931878,9003,NULL,'ETH/ARS',26494,9.3769,1,'2020-06-29 15:15:00'),(766931879,9003,NULL,'ETH/ARS',26460,1.0204,1,'2020-06-29 15:15:00'),(766931880,9003,NULL,'ETH/ARS',26436,5.5768,1,'2020-06-29 15:15:00'),(766931881,9003,NULL,'ETH/ARS',26430,1.9182,1,'2020-06-29 15:15:00'),(766931882,9003,NULL,'ETH/ARS',26408,3.36,1,'2020-06-29 15:15:00'),(766931883,9003,NULL,'ETH/ARS',26200,0.1772,1,'2020-06-29 15:15:00'),(766931884,9003,NULL,'ETH/ARS',26114,2.1938,1,'2020-06-29 15:15:00'),(766931885,9003,NULL,'ETH/ARS',26014,1.8103,1,'2020-06-29 15:15:00'),(766931886,9003,NULL,'ETH/ARS',26000,0.2599,1,'2020-06-29 15:15:00'),(766931887,9003,NULL,'ETH/ARS',26000,1.101,1,'2020-06-29 15:15:00'),(766931888,9003,NULL,'ETH/ARS',25570,0.1591,1,'2020-06-29 15:15:00'),(766931889,9003,NULL,'ETH/ARS',25550,0.6822,1,'2020-06-29 15:15:00'),(766931890,9003,NULL,'ETH/ARS',27786,3.782,2,'2020-06-29 15:15:00'),(766931891,9003,NULL,'ETH/ARS',27788,0.922,2,'2020-06-29 15:15:00'),(766931892,9003,NULL,'ETH/ARS',27998,2.3816,2,'2020-06-29 15:15:00'),(766931893,9003,NULL,'ETH/ARS',28000,0.4742,2,'2020-06-29 15:15:00'),(766931894,9003,NULL,'ETH/ARS',28044,0.1179,2,'2020-06-29 15:15:00'),(766931895,9003,NULL,'ETH/ARS',28070,0.0388,2,'2020-06-29 15:15:00'),(766931896,9003,NULL,'ETH/ARS',28094,0.8587,2,'2020-06-29 15:15:00'),(766931897,9003,NULL,'ETH/ARS',28094,16.1165,2,'2020-06-29 15:15:00'),(766931898,9003,NULL,'ETH/ARS',28246,10.0135,2,'2020-06-29 15:15:00'),(766931899,9003,NULL,'ETH/ARS',28300,0.0286,2,'2020-06-29 15:15:00'),(766931900,9003,NULL,'ETH/ARS',28300,0.968,2,'2020-06-29 15:15:00'),(766931901,9003,NULL,'ETH/ARS',28344,6.7833,2,'2020-06-29 15:15:00'),(766931902,9003,NULL,'ETH/ARS',28378,11.7644,2,'2020-06-29 15:15:00'),(766931903,9003,NULL,'ETH/ARS',28420,32.1936,2,'2020-06-29 15:15:00'),(766931904,9003,NULL,'ETH/ARS',28800,0.55,2,'2020-06-29 15:15:00'),(766931905,9003,NULL,'ETH/ARS',28802,0.0563,2,'2020-06-29 15:15:00'),(766931906,9003,NULL,'ETH/ARS',28828,1.0874,2,'2020-06-29 15:15:00'),(766931907,9003,NULL,'ETH/ARS',28960,1.2727,2,'2020-06-29 15:15:00'),(766931908,9003,NULL,'ETH/ARS',28960,1,2,'2020-06-29 15:15:00'),(766931909,9003,NULL,'ETH/ARS',29000,0.8518,2,'2020-06-29 15:15:00'),(766931910,9003,NULL,'XLM/ARS',7.615,462.2652,1,'2020-06-29 15:15:01'),(766931911,9003,NULL,'XLM/ARS',7.61,4231.3525,1,'2020-06-29 15:15:01'),(766931912,9003,NULL,'XLM/ARS',7.61,28467.3723,1,'2020-06-29 15:15:01'),(766931913,9003,NULL,'XLM/ARS',7.605,18287.8935,1,'2020-06-29 15:15:01'),(766931914,9003,NULL,'XLM/ARS',7.6,10552.3859,1,'2020-06-29 15:15:01'),(766931915,9003,NULL,'XLM/ARS',7.58,15974.3099,1,'2020-06-29 15:15:01'),(766931916,9003,NULL,'XLM/ARS',7.515,8283.166,1,'2020-06-29 15:15:01'),(766931917,9003,NULL,'XLM/ARS',7.5,1690.6787006046,1,'2020-06-29 15:15:01'),(766931918,9003,NULL,'XLM/ARS',7.415,8404.6519,1,'2020-06-29 15:15:01'),(766931919,9003,NULL,'XLM/ARS',7.35,8079.8831,1,'2020-06-29 15:15:01'),(766931920,9003,NULL,'XLM/ARS',7.3,500.1466,1,'2020-06-29 15:15:01'),(766931921,9003,NULL,'XLM/ARS',7.295,162.9883,1,'2020-06-29 15:15:01'),(766931922,9003,NULL,'XLM/ARS',7.1,14084.9999,1,'2020-06-29 15:15:01'),(766931923,9003,NULL,'XLM/ARS',7.02,1242.4886,1,'2020-06-29 15:15:01'),(766931924,9003,NULL,'XLM/ARS',7,100.7142,1,'2020-06-29 15:15:01'),(766931925,9003,NULL,'XLM/ARS',7,431.3376,1,'2020-06-29 15:15:01'),(766931926,9003,NULL,'XLM/ARS',7,200.1428,1,'2020-06-29 15:15:01'),(766931927,9003,NULL,'XLM/ARS',6.505,1355.7202,1,'2020-06-29 15:15:01'),(766931928,9003,NULL,'XLM/ARS',6.5,100.7692,1,'2020-06-29 15:15:01'),(766931929,9003,NULL,'XLM/ARS',6.5,15386,1,'2020-06-29 15:15:01'),(766931930,9003,NULL,'XLM/ARS',7.945,474.2359,2,'2020-06-29 15:15:01'),(766931931,9003,NULL,'XLM/ARS',7.95,922.1318,2,'2020-06-29 15:15:01'),(766931932,9003,NULL,'XLM/ARS',7.96,4177.2018,2,'2020-06-29 15:15:01'),(766931933,9003,NULL,'XLM/ARS',7.965,9236.6431,2,'2020-06-29 15:15:01'),(766931934,9003,NULL,'XLM/ARS',7.97,9430.2305,2,'2020-06-29 15:15:01'),(766931935,9003,NULL,'XLM/ARS',8.055,14386.2456,2,'2020-06-29 15:15:01'),(766931936,9003,NULL,'XLM/ARS',8.06,17850.4507,2,'2020-06-29 15:15:01'),(766931937,9003,NULL,'XLM/ARS',8.105,12598.7416,2,'2020-06-29 15:15:01'),(766931938,9003,NULL,'XLM/ARS',8.175,30190.5918,2,'2020-06-29 15:15:01'),(766931939,9003,NULL,'XLM/ARS',8.27,3418.1438,2,'2020-06-29 15:15:01'),(766931940,9003,NULL,'XLM/ARS',8.395,1153.2445,2,'2020-06-29 15:15:01'),(766931941,9003,NULL,'XLM/ARS',8.465,2132.4803,2,'2020-06-29 15:15:01'),(766931942,9003,NULL,'XLM/ARS',8.52,11841.2769,2,'2020-06-29 15:15:01'),(766931943,9003,NULL,'XLM/ARS',8.765,32781.834,2,'2020-06-29 15:15:01'),(766931944,9003,NULL,'XLM/ARS',8.79,9131.2731,2,'2020-06-29 15:15:01'),(766931945,9003,NULL,'XLM/ARS',8.8,10049.3632,2,'2020-06-29 15:15:01'),(766931946,9003,NULL,'XLM/ARS',9,234.3765,2,'2020-06-29 15:15:01'),(766931947,9003,NULL,'XLM/ARS',9,1238.9302,2,'2020-06-29 15:15:01'),(766931948,9003,NULL,'XLM/ARS',9.195,402.9653,2,'2020-06-29 15:15:01'),(766931949,9003,NULL,'XLM/ARS',9.2,101,2,'2020-06-29 15:15:01'),(766931950,9003,NULL,'EOS/ARS',277.85,12.6692,1,'2020-06-29 15:15:03'),(766931951,9003,NULL,'EOS/ARS',277.8,49.6769,1,'2020-06-29 15:15:03'),(766931952,9003,NULL,'EOS/ARS',277.75,330.6434,1,'2020-06-29 15:15:03'),(766931953,9003,NULL,'EOS/ARS',277.55,170.6121,1,'2020-06-29 15:15:03'),(766931954,9003,NULL,'EOS/ARS',277.3,225.0932,1,'2020-06-29 15:15:03'),(766931955,9003,NULL,'EOS/ARS',276.3,509.362,1,'2020-06-29 15:15:03'),(766931956,9003,NULL,'EOS/ARS',275.25,293.4341,1,'2020-06-29 15:15:03'),(766931957,9003,NULL,'EOS/ARS',275,2.0181,1,'2020-06-29 15:15:03'),(766931958,9003,NULL,'EOS/ARS',274.05,3.8058,1,'2020-06-29 15:15:03'),(766931959,9003,NULL,'EOS/ARS',273.25,218.8552,1,'2020-06-29 15:15:03'),(766931960,9003,NULL,'EOS/ARS',270,2.037,1,'2020-06-29 15:15:03'),(766931961,9003,NULL,'EOS/ARS',267.4,180.2042,1,'2020-06-29 15:15:03'),(766931962,9003,NULL,'EOS/ARS',265,2.0188,1,'2020-06-29 15:15:03'),(766931963,9003,NULL,'EOS/ARS',260.5,5.6714,1,'2020-06-29 15:15:03'),(766931964,9003,NULL,'EOS/ARS',260.5,1.0019,1,'2020-06-29 15:15:03'),(766931965,9003,NULL,'EOS/ARS',260,4.0384,1,'2020-06-29 15:15:03'),(766931966,9003,NULL,'EOS/ARS',250,2.02,1,'2020-06-29 15:15:03'),(766931967,9003,NULL,'EOS/ARS',250,1.991,1,'2020-06-29 15:15:03'),(766931968,9003,NULL,'EOS/ARS',250,4,1,'2020-06-29 15:15:03'),(766931969,9003,NULL,'EOS/ARS',249.4,8.6507,1,'2020-06-29 15:15:03'),(766931970,9003,NULL,'EOS/ARS',290,5,2,'2020-06-29 15:15:03'),(766931971,9003,NULL,'EOS/ARS',290.2,40.8389,2,'2020-06-29 15:15:03'),(766931972,9003,NULL,'EOS/ARS',290.25,39.7774,2,'2020-06-29 15:15:03'),(766931973,9003,NULL,'EOS/ARS',290.6,323.4196,2,'2020-06-29 15:15:03'),(766931974,9003,NULL,'EOS/ARS',291.5,244.2113,2,'2020-06-29 15:15:03'),(766931975,9003,NULL,'EOS/ARS',292.8,1.7148475068306,2,'2020-06-29 15:15:03'),(766931976,9003,NULL,'EOS/ARS',293.4,331.2426,2,'2020-06-29 15:15:03'),(766931977,9003,NULL,'EOS/ARS',293.45,37.1482,2,'2020-06-29 15:15:03'),(766931978,9003,NULL,'EOS/ARS',293.85,306.1961,2,'2020-06-29 15:15:03'),(766931979,9003,NULL,'EOS/ARS',298.85,320.1403,2,'2020-06-29 15:15:03'),(766931980,9003,NULL,'EOS/ARS',302.15,476.4079,2,'2020-06-29 15:15:03'),(766931981,9003,NULL,'EOS/ARS',304.05,50.4641,2,'2020-06-29 15:15:03'),(766931982,9003,NULL,'EOS/ARS',305,3,2,'2020-06-29 15:15:03'),(766931983,9003,NULL,'EOS/ARS',305,1.2112,2,'2020-06-29 15:15:03'),(766931984,9003,NULL,'EOS/ARS',305,10.9224,2,'2020-06-29 15:15:03'),(766931985,9003,NULL,'EOS/ARS',306.2,101.0328,2,'2020-06-29 15:15:03'),(766931986,9003,NULL,'EOS/ARS',310,30,2,'2020-06-29 15:15:03'),(766931987,9003,NULL,'EOS/ARS',312,95.5475,2,'2020-06-29 15:15:03'),(766931988,9003,NULL,'EOS/ARS',312.45,388.938,2,'2020-06-29 15:15:03'),(766931989,9003,NULL,'EOS/ARS',312.65,1055.1541,2,'2020-06-29 15:15:03'),(766931990,9002,NULL,'BTC/ARS',1078236.37,0.022491,1,'2020-06-29 15:15:04'),(766931991,9002,NULL,'BTC/ARS',1075859.45,0.191591,1,'2020-06-29 15:15:04'),(766931992,9002,NULL,'BTC/ARS',1028489.97,0.251679,1,'2020-06-29 15:15:04'),(766931993,9002,NULL,'BTC/ARS',1027426.16,0.264225,1,'2020-06-29 15:15:04'),(766931994,9002,NULL,'BTC/ARS',1026736.13,0.02087,1,'2020-06-29 15:15:04'),(766931995,9002,NULL,'BTC/ARS',1020955.66,0.160832,1,'2020-06-29 15:15:04'),(766931996,9002,NULL,'BTC/ARS',1018244.1,0.026656,1,'2020-06-29 15:15:04'),(766931997,9002,NULL,'BTC/ARS',1017717.38,0.008503,1,'2020-06-29 15:15:04'),(766931998,9002,NULL,'BTC/ARS',1016682.08,0.011437,1,'2020-06-29 15:15:04'),(766931999,9002,NULL,'BTC/ARS',1009752.08,0.030603,1,'2020-06-29 15:15:04'),(766932000,9002,NULL,'BTC/ARS',1001819.64,0.009096,1,'2020-06-29 15:15:04'),(766932001,9002,NULL,'BTC/ARS',1001282.24,0.375563,1,'2020-06-29 15:15:04'),(766932002,9002,NULL,'BTC/ARS',1001260.05,0.032334,1,'2020-06-29 15:15:04'),(766932003,9002,NULL,'BTC/ARS',992768.03,0.030659,1,'2020-06-29 15:15:04'),(766932004,9002,NULL,'BTC/ARS',985921.91,0.008363,1,'2020-06-29 15:15:04'),(766932005,9002,NULL,'BTC/ARS',1096269.83,0.023447,2,'2020-06-29 15:15:04'),(766932006,9002,NULL,'BTC/ARS',1096994.88,0.231665,2,'2020-06-29 15:15:04'),(766932007,9002,NULL,'BTC/ARS',1098058.68,0.224036,2,'2020-06-29 15:15:04'),(766932008,9002,NULL,'BTC/ARS',1099122.49,0.267221,2,'2020-06-29 15:15:04'),(766932009,9002,NULL,'BTC/ARS',1099927.28,0.219519,2,'2020-06-29 15:15:04'),(766932010,9002,NULL,'BTC/ARS',1100186.3,0.300429,2,'2020-06-29 15:15:04'),(766932011,9002,NULL,'BTC/ARS',1100988.78,0.181723,2,'2020-06-29 15:15:04'),(766932012,9002,NULL,'BTC/ARS',1101980.62,0.007961,2,'2020-06-29 15:15:04'),(766932013,9002,NULL,'BTC/ARS',1102050.29,0.157624,2,'2020-06-29 15:15:04'),(766932014,9002,NULL,'BTC/ARS',1104761.85,0.029775,2,'2020-06-29 15:15:04'),(766932015,9002,NULL,'BTC/ARS',1113253.87,0.033622,2,'2020-06-29 15:15:04'),(766932016,9002,NULL,'BTC/ARS',1114661.51,0.338931,2,'2020-06-29 15:15:04'),(766932017,9002,NULL,'BTC/ARS',1117878.36,0.009285,2,'2020-06-29 15:15:04'),(766932018,9002,NULL,'BTC/ARS',1121745.9,0.03468,2,'2020-06-29 15:15:04'),(766932019,9002,NULL,'BTC/ARS',1130237.92,0.030969,2,'2020-06-29 15:15:04'),(766932020,9002,NULL,'ETH/ARS',9850.01,0.0389,1,'2020-06-29 15:15:05'),(766932021,9002,NULL,'ETH/ARS',341.15,1,1,'2020-06-29 15:15:05'),(766932022,9002,NULL,'ETH/ARS',12.01,25.9783,1,'2020-06-29 15:15:05'),(766932023,9002,NULL,'ETH/ARS',70000,0.0036,2,'2020-06-29 15:15:05'),(766932024,9002,NULL,'ETH/ARS',99000,0.4982,2,'2020-06-29 15:15:05'),(766932025,9002,NULL,'ETH/ARS',1335332,0.0026,2,'2020-06-29 15:15:05'),(766932026,9004,NULL,'BTC/ARS',1076000.01,0.01028323,1,'2020-06-29 15:15:05'),(766932027,9004,NULL,'BTC/ARS',1076000,0.00042676,1,'2020-06-29 15:15:05'),(766932028,9004,NULL,'BTC/ARS',1073201.25,0.01048359,1,'2020-06-29 15:15:05'),(766932029,9004,NULL,'BTC/ARS',1073200.04,0.00180719,1,'2020-06-29 15:15:05'),(766932030,9004,NULL,'BTC/ARS',1073000,0.00241121,1,'2020-06-29 15:15:05'),(766932031,9004,NULL,'BTC/ARS',1072749.2,0.00188696,1,'2020-06-29 15:15:05'),(766932032,9004,NULL,'BTC/ARS',1072749.18,0.00183626,1,'2020-06-29 15:15:05'),(766932033,9004,NULL,'BTC/ARS',1072602.56,0.03105384,1,'2020-06-29 15:15:05'),(766932034,9004,NULL,'BTC/ARS',1072252.7,0.00072564,1,'2020-06-29 15:15:05'),(766932035,9004,NULL,'BTC/ARS',1072000,0.02798507,1,'2020-06-29 15:15:05'),(766932036,9004,NULL,'BTC/ARS',1070440.24,0.00186839,1,'2020-06-29 15:15:05'),(766932037,9004,NULL,'BTC/ARS',1070000,0.00283259,1,'2020-06-29 15:15:05'),(766932038,9004,NULL,'BTC/ARS',1068110.24,0.0001005,1,'2020-06-29 15:15:05'),(766932039,9004,NULL,'BTC/ARS',1068110.23,0.00280868,1,'2020-06-29 15:15:05'),(766932040,9004,NULL,'BTC/ARS',1066345.5,0.1183,1,'2020-06-29 15:15:05'),(766932041,9004,NULL,'BTC/ARS',1066345.49,0.00187557,1,'2020-06-29 15:15:05'),(766932042,9004,NULL,'BTC/ARS',1066033.33,0.00115358,1,'2020-06-29 15:15:05'),(766932043,9004,NULL,'BTC/ARS',1066003.5,0.00006003,1,'2020-06-29 15:15:05'),(766932044,9004,NULL,'BTC/ARS',1065200.13,0.06927579,1,'2020-06-29 15:15:05'),(766932045,9004,NULL,'BTC/ARS',1065200,0.00817506,1,'2020-06-29 15:15:05'),(766932046,9004,NULL,'BTC/ARS',1065116.27,0.00469441,1,'2020-06-29 15:15:05'),(766932047,9004,NULL,'BTC/ARS',1065069.69,0.03403165,1,'2020-06-29 15:15:05'),(766932048,9004,NULL,'BTC/ARS',1065000,0.01829313,1,'2020-06-29 15:15:05'),(766932049,9004,NULL,'BTC/ARS',1064217.34,0.00447786,1,'2020-06-29 15:15:05'),(766932050,9004,NULL,'BTC/ARS',1062408.15,0.00047062,1,'2020-06-29 15:15:05'),(766932051,9004,NULL,'BTC/ARS',1060562.84,0.00282868,1,'2020-06-29 15:15:05'),(766932052,9004,NULL,'BTC/ARS',1060000,0.01490566,1,'2020-06-29 15:15:05'),(766932053,9004,NULL,'BTC/ARS',1055006.21,0.00096651,1,'2020-06-29 15:15:05'),(766932054,9004,NULL,'BTC/ARS',1052749.17,0.05602182,1,'2020-06-29 15:15:05'),(766932055,9004,NULL,'BTC/ARS',1052223.15,0.0004752,1,'2020-06-29 15:15:05'),(766932056,9004,NULL,'BTC/ARS',1050100,0.00190458,1,'2020-06-29 15:15:05'),(766932057,9004,NULL,'BTC/ARS',1050085.06,0.00476152,1,'2020-06-29 15:15:05'),(766932058,9004,NULL,'BTC/ARS',1050069.71,0.00047615,1,'2020-06-29 15:15:05'),(766932059,9004,NULL,'BTC/ARS',1050000,0.01286668,1,'2020-06-29 15:15:05'),(766932060,9004,NULL,'BTC/ARS',1040491.78,0.00288325,1,'2020-06-29 15:15:05'),(766932061,9004,NULL,'BTC/ARS',1038743.24,0.00962702,1,'2020-06-29 15:15:05'),(766932062,9004,NULL,'BTC/ARS',1032126.15,0.00274073,1,'2020-06-29 15:15:05'),(766932063,9004,NULL,'BTC/ARS',1030350.43,0.00368866,1,'2020-06-29 15:15:05'),(766932064,9004,NULL,'BTC/ARS',1029754,0.000176,1,'2020-06-29 15:15:05'),(766932065,9004,NULL,'BTC/ARS',1024434,0.00018,1,'2020-06-29 15:15:05'),(766932066,9004,NULL,'BTC/ARS',1021062,0.00734529,1,'2020-06-29 15:15:05'),(766932067,9004,NULL,'BTC/ARS',1020383.53,0.01283155,1,'2020-06-29 15:15:05'),(766932068,9004,NULL,'BTC/ARS',1015124.19,0.00975096,1,'2020-06-29 15:15:05'),(766932069,9004,NULL,'BTC/ARS',1009053.34,0.00048426,1,'2020-06-29 15:15:05'),(766932070,9004,NULL,'BTC/ARS',1000649.07,0.01802371,1,'2020-06-29 15:15:05'),(766932071,9004,NULL,'BTC/ARS',1000312.05,0.00124961,1,'2020-06-29 15:15:05'),(766932072,9004,NULL,'BTC/ARS',1000096.84,0.00103115,1,'2020-06-29 15:15:05'),(766932073,9004,NULL,'BTC/ARS',1000096.83,0.01205269,1,'2020-06-29 15:15:05'),(766932074,9004,NULL,'BTC/ARS',1000054,0.00174976,1,'2020-06-29 15:15:05'),(766932075,9004,NULL,'BTC/ARS',1000034.35,0.01360592,1,'2020-06-29 15:15:05'),(766932076,9004,NULL,'BTC/ARS',1085436.01,0.00385189,2,'2020-06-29 15:15:05'),(766932077,9004,NULL,'BTC/ARS',1085437.05,0.00385189,2,'2020-06-29 15:15:05'),(766932078,9004,NULL,'BTC/ARS',1085437.06,0.00256792,2,'2020-06-29 15:15:05'),(766932079,9004,NULL,'BTC/ARS',1085437.07,0.0034239,2,'2020-06-29 15:15:05'),(766932080,9004,NULL,'BTC/ARS',1085437.08,0.0045652,2,'2020-06-29 15:15:05'),(766932081,9004,NULL,'BTC/ARS',1085437.09,0.00621651,2,'2020-06-29 15:15:05'),(766932082,9004,NULL,'BTC/ARS',1085437.1,0.00235145,2,'2020-06-29 15:15:05'),(766932083,9004,NULL,'BTC/ARS',1086044.02,0.05944124,2,'2020-06-29 15:15:05'),(766932084,9004,NULL,'BTC/ARS',1087434.98,0.00184942,2,'2020-06-29 15:15:05'),(766932085,9004,NULL,'BTC/ARS',1091100,0.01766673,2,'2020-06-29 15:15:05'),(766932086,9004,NULL,'BTC/ARS',1092677.91,0.02953891,2,'2020-06-29 15:15:05'),(766932087,9004,NULL,'BTC/ARS',1092677.93,0.091734,2,'2020-06-29 15:15:05'),(766932088,9004,NULL,'BTC/ARS',1092677.95,0.054345,2,'2020-06-29 15:15:05'),(766932089,9004,NULL,'BTC/ARS',1092677.97,0.041896,2,'2020-06-29 15:15:05'),(766932090,9004,NULL,'BTC/ARS',1092677.99,0.091734,2,'2020-06-29 15:15:05'),(766932091,9004,NULL,'BTC/ARS',1093749.1,0.01806679,2,'2020-06-29 15:15:05'),(766932092,9004,NULL,'BTC/ARS',1093938.44,0.01682004,2,'2020-06-29 15:15:05'),(766932093,9004,NULL,'BTC/ARS',1093938.49,0.05743811,2,'2020-06-29 15:15:05'),(766932094,9004,NULL,'BTC/ARS',1094152.53,0.02146572,2,'2020-06-29 15:15:05'),(766932095,9004,NULL,'BTC/ARS',1094152.58,0.03082369,2,'2020-06-29 15:15:05'),(766932096,9004,NULL,'BTC/ARS',1094330.07,0.08046685,2,'2020-06-29 15:15:05'),(766932097,9004,NULL,'BTC/ARS',1094549.54,0.08007656,2,'2020-06-29 15:15:05'),(766932098,9004,NULL,'BTC/ARS',1094942.03,0.05326325,2,'2020-06-29 15:15:05'),(766932099,9004,NULL,'BTC/ARS',1095104.44,0.01997948,2,'2020-06-29 15:15:05'),(766932100,9004,NULL,'BTC/ARS',1095227.66,0.00788514,2,'2020-06-29 15:15:05'),(766932101,9004,NULL,'BTC/ARS',1095279.81,0.05202417,2,'2020-06-29 15:15:05'),(766932102,9004,NULL,'BTC/ARS',1095294.02,0.00942225,2,'2020-06-29 15:15:05'),(766932103,9004,NULL,'BTC/ARS',1095317.72,0.00999708,2,'2020-06-29 15:15:05'),(766932104,9004,NULL,'BTC/ARS',1095881.5,0.12558811,2,'2020-06-29 15:15:05'),(766932105,9004,NULL,'BTC/ARS',1096612.74,0.15102824,2,'2020-06-29 15:15:05'),(766932106,9004,NULL,'BTC/ARS',1097082.77,0.01274702,2,'2020-06-29 15:15:05'),(766932107,9004,NULL,'BTC/ARS',1097346.37,0.00026807,2,'2020-06-29 15:15:05'),(766932108,9004,NULL,'BTC/ARS',1097387.4,0.01382669,2,'2020-06-29 15:15:05'),(766932109,9004,NULL,'BTC/ARS',1097687.24,0.11092543,2,'2020-06-29 15:15:05'),(766932110,9004,NULL,'BTC/ARS',1097857.8,0.00028786,2,'2020-06-29 15:15:05'),(766932111,9004,NULL,'BTC/ARS',1098224.61,0.00013037,2,'2020-06-29 15:15:05'),(766932112,9004,NULL,'BTC/ARS',1098332.94,0.00328117,2,'2020-06-29 15:15:05'),(766932113,9004,NULL,'BTC/ARS',1098419.74,0.07714667,2,'2020-06-29 15:15:05'),(766932114,9004,NULL,'BTC/ARS',1098508.82,0.00426749,2,'2020-06-29 15:15:05'),(766932115,9004,NULL,'BTC/ARS',1098523.07,0.00075517,2,'2020-06-29 15:15:05'),(766932116,9004,NULL,'BTC/ARS',1099236.91,0.00114204,2,'2020-06-29 15:15:05'),(766932117,9004,NULL,'BTC/ARS',1099412.94,0.0029746,2,'2020-06-29 15:15:05'),(766932118,9004,NULL,'BTC/ARS',1100000,0.00998225,2,'2020-06-29 15:15:05'),(766932119,9004,NULL,'BTC/ARS',1100041.73,0.24597248,2,'2020-06-29 15:15:05'),(766932120,9004,NULL,'BTC/ARS',1100053.49,0.00072013,2,'2020-06-29 15:15:05'),(766932121,9004,NULL,'BTC/ARS',1100541.74,0.01109943,2,'2020-06-29 15:15:05'),(766932122,9004,NULL,'BTC/ARS',1100786.59,0.00029643,2,'2020-06-29 15:15:05'),(766932123,9004,NULL,'BTC/ARS',1100962.86,0.00154353,2,'2020-06-29 15:15:05'),(766932124,9004,NULL,'BTC/ARS',1101000.97,0.00029635,2,'2020-06-29 15:15:05'),(766932125,9004,NULL,'BTC/ARS',1101010.05,0.00018165,2,'2020-06-29 15:15:05'),(766932126,9004,NULL,'ETH/BTC',0.02474411,10,1,'2020-06-29 15:15:06'),(766932127,9004,NULL,'ETH/BTC',0.02470277,2.5,1,'2020-06-29 15:15:06'),(766932128,9004,NULL,'ETH/BTC',0.02470263,2.5,1,'2020-06-29 15:15:06'),(766932129,9004,NULL,'ETH/BTC',0.02470088,1.1,1,'2020-06-29 15:15:06'),(766932130,9004,NULL,'ETH/BTC',0.02470087,0.18492101,1,'2020-06-29 15:15:06'),(766932131,9004,NULL,'ETH/BTC',0.02466598,2.15,1,'2020-06-29 15:15:06'),(766932132,9004,NULL,'ETH/BTC',0.02466596,0.00406187,1,'2020-06-29 15:15:06'),(766932133,9004,NULL,'ETH/BTC',0.02466559,0.00291904,1,'2020-06-29 15:15:06'),(766932134,9004,NULL,'ETH/BTC',0.02462729,0.00292358,1,'2020-06-29 15:15:06'),(766932135,9004,NULL,'ETH/BTC',0.02460664,5.61,1,'2020-06-29 15:15:06'),(766932136,9004,NULL,'ETH/BTC',0.02460661,0.00292604,1,'2020-06-29 15:15:06'),(766932137,9004,NULL,'ETH/BTC',0.02442428,0.00373454,1,'2020-06-29 15:15:06'),(766932138,9004,NULL,'ETH/BTC',0.02440989,0.00294962,1,'2020-06-29 15:15:06'),(766932139,9004,NULL,'ETH/BTC',0.0243991,5.61,1,'2020-06-29 15:15:06'),(766932140,9004,NULL,'ETH/BTC',0.0243937,0.00305877,1,'2020-06-29 15:15:06'),(766932141,9004,NULL,'ETH/BTC',0.02437921,0.00513081,1,'2020-06-29 15:15:06'),(766932142,9004,NULL,'ETH/BTC',0.02437749,0.00307418,1,'2020-06-29 15:15:06'),(766932143,9004,NULL,'ETH/BTC',0.02434962,0.00683899,1,'2020-06-29 15:15:06'),(766932144,9004,NULL,'ETH/BTC',0.024305,0.05375599,1,'2020-06-29 15:15:06'),(766932145,9004,NULL,'ETH/BTC',0.0243,4.02276173,1,'2020-06-29 15:15:06'),(766932146,9004,NULL,'ETH/BTC',0.0242,0.7,1,'2020-06-29 15:15:06'),(766932147,9004,NULL,'ETH/BTC',0.02405,0.05261106,1,'2020-06-29 15:15:06'),(766932148,9004,NULL,'ETH/BTC',0.02400286,0.88953567,1,'2020-06-29 15:15:06'),(766932149,9004,NULL,'ETH/BTC',0.02400226,3.48,1,'2020-06-29 15:15:06'),(766932150,9004,NULL,'ETH/BTC',0.024,0.04791667,1,'2020-06-29 15:15:06'),(766932151,9004,NULL,'ETH/BTC',0.02390732,0.03696984,1,'2020-06-29 15:15:06'),(766932152,9004,NULL,'ETH/BTC',0.023795,0.05261106,1,'2020-06-29 15:15:06'),(766932153,9004,NULL,'ETH/BTC',0.02374918,3.37,1,'2020-06-29 15:15:06'),(766932154,9004,NULL,'ETH/BTC',0.0236,3,1,'2020-06-29 15:15:06'),(766932155,9004,NULL,'ETH/BTC',0.02354,0.05261106,1,'2020-06-29 15:15:06'),(766932156,9004,NULL,'ETH/BTC',0.02350279,2.22,1,'2020-06-29 15:15:06'),(766932157,9004,NULL,'ETH/BTC',0.023285,0.05261106,1,'2020-06-29 15:15:06'),(766932158,9004,NULL,'ETH/BTC',0.02311804,0.00440738,1,'2020-06-29 15:15:06'),(766932159,9004,NULL,'ETH/BTC',0.02309707,2.2,1,'2020-06-29 15:15:06'),(766932160,9004,NULL,'ETH/BTC',0.02308091,0.00567351,1,'2020-06-29 15:15:06'),(766932161,9004,NULL,'ETH/BTC',0.02303,0.05261106,1,'2020-06-29 15:15:06'),(766932162,9004,NULL,'ETH/BTC',0.023,0.12016217,1,'2020-06-29 15:15:06'),(766932163,9004,NULL,'ETH/BTC',0.02284969,1.12,1,'2020-06-29 15:15:06'),(766932164,9004,NULL,'ETH/BTC',0.02284384,0.00314001,1,'2020-06-29 15:15:06'),(766932165,9004,NULL,'ETH/BTC',0.02282832,0.00347068,1,'2020-06-29 15:15:06'),(766932166,9004,NULL,'ETH/BTC',0.022775,0.05261106,1,'2020-06-29 15:15:06'),(766932167,9004,NULL,'ETH/BTC',0.02262113,0.00318286,1,'2020-06-29 15:15:06'),(766932168,9004,NULL,'ETH/BTC',0.02261629,0.00999175,1,'2020-06-29 15:15:06'),(766932169,9004,NULL,'ETH/BTC',0.02260969,0.00698417,1,'2020-06-29 15:15:06'),(766932170,9004,NULL,'ETH/BTC',0.02256423,0.00999175,1,'2020-06-29 15:15:06'),(766932171,9004,NULL,'ETH/BTC',0.02256,0.44326241,1,'2020-06-29 15:15:06'),(766932172,9004,NULL,'ETH/BTC',0.02252,6.26109508,1,'2020-06-29 15:15:06'),(766932173,9004,NULL,'ETH/BTC',0.02251672,0.01,1,'2020-06-29 15:15:06'),(766932174,9004,NULL,'ETH/BTC',0.0225,3.64635156,1,'2020-06-29 15:15:06'),(766932175,9004,NULL,'ETH/BTC',0.02246,0.0111407,1,'2020-06-29 15:15:06'),(766932176,9004,NULL,'ETH/BTC',0.02478843,9.98932486,2,'2020-06-29 15:15:06'),(766932177,9004,NULL,'ETH/BTC',0.02481499,0.00290759,2,'2020-06-29 15:15:06'),(766932178,9004,NULL,'ETH/BTC',0.02482369,3.35,2,'2020-06-29 15:15:06'),(766932179,9004,NULL,'ETH/BTC',0.02482698,5,2,'2020-06-29 15:15:06'),(766932180,9004,NULL,'ETH/BTC',0.02485138,0.00415222,2,'2020-06-29 15:15:06'),(766932181,9004,NULL,'ETH/BTC',0.02485999,1.1,2,'2020-06-29 15:15:06'),(766932182,9004,NULL,'ETH/BTC',0.02486,0.05313355,2,'2020-06-29 15:15:06'),(766932183,9004,NULL,'ETH/BTC',0.02498596,5.61,2,'2020-06-29 15:15:06'),(766932184,9004,NULL,'ETH/BTC',0.02498599,9,2,'2020-06-29 15:15:06'),(766932185,9004,NULL,'ETH/BTC',0.025,9.5,2,'2020-06-29 15:15:06'),(766932186,9004,NULL,'ETH/BTC',0.02501,9,2,'2020-06-29 15:15:06'),(766932187,9004,NULL,'ETH/BTC',0.02504827,5.61,2,'2020-06-29 15:15:06'),(766932188,9004,NULL,'ETH/BTC',0.02508,6.98205742,2,'2020-06-29 15:15:06'),(766932189,9004,NULL,'ETH/BTC',0.025115,0.1066615,2,'2020-06-29 15:15:06'),(766932190,9004,NULL,'ETH/BTC',0.02513558,7,2,'2020-06-29 15:15:06'),(766932191,9004,NULL,'ETH/BTC',0.02513658,10,2,'2020-06-29 15:15:06'),(766932192,9004,NULL,'ETH/BTC',0.02515972,0.01346824,2,'2020-06-29 15:15:06'),(766932193,9004,NULL,'ETH/BTC',0.02516039,0.04109713,2,'2020-06-29 15:15:06'),(766932194,9004,NULL,'ETH/BTC',0.0251695,4,2,'2020-06-29 15:15:06'),(766932195,9004,NULL,'ETH/BTC',0.0251785,7.2,2,'2020-06-29 15:15:06'),(766932196,9004,NULL,'ETH/BTC',0.02518405,5,2,'2020-06-29 15:15:06'),(766932197,9004,NULL,'ETH/BTC',0.02519615,4.80029012,2,'2020-06-29 15:15:06'),(766932198,9004,NULL,'ETH/BTC',0.0252,0.04320029,2,'2020-06-29 15:15:06'),(766932199,9004,NULL,'ETH/BTC',0.02525932,5.06800183,2,'2020-06-29 15:15:06'),(766932200,9004,NULL,'ETH/BTC',0.02528,0.04875915,2,'2020-06-29 15:15:06'),(766932201,9004,NULL,'ETH/BTC',0.02534,0.09999495,2,'2020-06-29 15:15:06'),(766932202,9004,NULL,'ETH/BTC',0.02535,4.09409093,2,'2020-06-29 15:15:06'),(766932203,9004,NULL,'ETH/BTC',0.02537,0.10776277,2,'2020-06-29 15:15:06'),(766932204,9004,NULL,'ETH/BTC',0.02555779,2.22,2,'2020-06-29 15:15:06'),(766932205,9004,NULL,'ETH/BTC',0.02557182,0.04402267,2,'2020-06-29 15:15:06'),(766932206,9004,NULL,'ETH/BTC',0.025625,0.10773711,2,'2020-06-29 15:15:06'),(766932207,9004,NULL,'ETH/BTC',0.02570807,8,2,'2020-06-29 15:15:06'),(766932208,9004,NULL,'ETH/BTC',0.02575,1,2,'2020-06-29 15:15:06'),(766932209,9004,NULL,'ETH/BTC',0.02577,0.0071607,2,'2020-06-29 15:15:06'),(766932210,9004,NULL,'ETH/BTC',0.02583096,0.00281562,2,'2020-06-29 15:15:06'),(766932211,9004,NULL,'ETH/BTC',0.02584113,0.2199253,2,'2020-06-29 15:15:06'),(766932212,9004,NULL,'ETH/BTC',0.02585,0.01864307,2,'2020-06-29 15:15:06'),(766932213,9004,NULL,'ETH/BTC',0.02588,0.10554597,2,'2020-06-29 15:15:06'),(766932214,9004,NULL,'ETH/BTC',0.0259,3.27736116,2,'2020-06-29 15:15:06'),(766932215,9004,NULL,'ETH/BTC',0.0259684,0.00976704,2,'2020-06-29 15:15:06'),(766932216,9004,NULL,'ETH/BTC',0.02597711,0.43,2,'2020-06-29 15:15:06'),(766932217,9004,NULL,'ETH/BTC',0.026,2.5345721,2,'2020-06-29 15:15:06'),(766932218,9004,NULL,'ETH/BTC',0.0261,0.47,2,'2020-06-29 15:15:06'),(766932219,9004,NULL,'ETH/BTC',0.026135,0.10554597,2,'2020-06-29 15:15:06'),(766932220,9004,NULL,'ETH/BTC',0.02625,0.1,2,'2020-06-29 15:15:06'),(766932221,9004,NULL,'ETH/BTC',0.0263,0.05,2,'2020-06-29 15:15:06'),(766932222,9004,NULL,'ETH/BTC',0.026328,0.05,2,'2020-06-29 15:15:06'),(766932223,9004,NULL,'ETH/BTC',0.02639,0.10554597,2,'2020-06-29 15:15:06'),(766932224,9004,NULL,'ETH/BTC',0.02640413,1.12,2,'2020-06-29 15:15:06'),(766932225,9004,NULL,'ETH/BTC',0.02648909,0.000479,2,'2020-06-29 15:15:06'),(766932226,9004,NULL,'XRP/BTC',0.00001939,20000,1,'2020-06-29 15:15:06'),(766932227,9004,NULL,'XRP/BTC',0.00001932,4202,1,'2020-06-29 15:15:06'),(766932228,9004,NULL,'XRP/BTC',0.00001931,2832,1,'2020-06-29 15:15:06'),(766932229,9004,NULL,'XRP/BTC',0.0000193,196.657513,1,'2020-06-29 15:15:06'),(766932230,9004,NULL,'XRP/BTC',0.00001909,14443,1,'2020-06-29 15:15:06'),(766932231,9004,NULL,'XRP/BTC',0.00001901,14431,1,'2020-06-29 15:15:06'),(766932232,9004,NULL,'XRP/BTC',0.000019,20,1,'2020-06-29 15:15:06'),(766932233,9004,NULL,'XRP/BTC',0.00001899,153.17555755,1,'2020-06-29 15:15:06'),(766932234,9004,NULL,'XRP/BTC',0.00001898,22.99938843,1,'2020-06-29 15:15:06'),(766932235,9004,NULL,'XRP/BTC',0.00001884,27.0180467,1,'2020-06-29 15:15:06'),(766932236,9004,NULL,'XRP/BTC',0.00001883,8964,1,'2020-06-29 15:15:06'),(766932237,9004,NULL,'XRP/BTC',0.00001881,40.10224656,1,'2020-06-29 15:15:06'),(766932238,9004,NULL,'XRP/BTC',0.0000188,10.30501569,1,'2020-06-29 15:15:06'),(766932239,9004,NULL,'XRP/BTC',0.00001875,12.04106666,1,'2020-06-29 15:15:06'),(766932240,9004,NULL,'XRP/BTC',0.00001874,8667,1,'2020-06-29 15:15:06'),(766932241,9004,NULL,'XRP/BTC',0.0000187,11.8775401,1,'2020-06-29 15:15:06'),(766932242,9004,NULL,'XRP/BTC',0.00001863,50.40726225,1,'2020-06-29 15:15:06'),(766932243,9004,NULL,'XRP/BTC',0.00001853,27.90947369,1,'2020-06-29 15:15:06'),(766932244,9004,NULL,'XRP/BTC',0.0000185,1804.6,1,'2020-06-29 15:15:06'),(766932245,9004,NULL,'XRP/BTC',0.00001847,12.1486504,1,'2020-06-29 15:15:06'),(766932246,9004,NULL,'XRP/BTC',0.00001846,40.10224656,1,'2020-06-29 15:15:06'),(766932247,9004,NULL,'XRP/BTC',0.00001845,10.30501569,1,'2020-06-29 15:15:06'),(766932248,9004,NULL,'XRP/BTC',0.00001841,75.55733621,1,'2020-06-29 15:15:06'),(766932249,9004,NULL,'XRP/BTC',0.00001831,5710,1,'2020-06-29 15:15:06'),(766932250,9004,NULL,'XRP/BTC',0.00001828,40.10224656,1,'2020-06-29 15:15:06'),(766932251,9004,NULL,'XRP/BTC',0.00001827,10.30501569,1,'2020-06-29 15:15:06'),(766932252,9004,NULL,'XRP/BTC',0.00001822,23.68527691,1,'2020-06-29 15:15:06'),(766932253,9004,NULL,'XRP/BTC',0.00001813,400,1,'2020-06-29 15:15:06'),(766932254,9004,NULL,'XRP/BTC',0.0000181,40.10224656,1,'2020-06-29 15:15:06'),(766932255,9004,NULL,'XRP/BTC',0.00001809,10.30501569,1,'2020-06-29 15:15:06'),(766932256,9004,NULL,'XRP/BTC',0.00001806,27.90947369,1,'2020-06-29 15:15:06'),(766932257,9004,NULL,'XRP/BTC',0.000018,120,1,'2020-06-29 15:15:06'),(766932258,9004,NULL,'XRP/BTC',0.00001798,5684.73470522,1,'2020-06-29 15:15:06'),(766932259,9004,NULL,'XRP/BTC',0.00001792,40.10224656,1,'2020-06-29 15:15:06'),(766932260,9004,NULL,'XRP/BTC',0.00001791,10.30501569,1,'2020-06-29 15:15:06'),(766932261,9004,NULL,'XRP/BTC',0.00001783,15.14832302,1,'2020-06-29 15:15:06'),(766932262,9004,NULL,'XRP/BTC',0.00001774,40.10224656,1,'2020-06-29 15:15:06'),(766932263,9004,NULL,'XRP/BTC',0.00001773,10.30501569,1,'2020-06-29 15:15:06'),(766932264,9004,NULL,'XRP/BTC',0.00001761,2930,1,'2020-06-29 15:15:06'),(766932265,9004,NULL,'XRP/BTC',0.0000176,27.90947369,1,'2020-06-29 15:15:06'),(766932266,9004,NULL,'XRP/BTC',0.00001756,40.10224656,1,'2020-06-29 15:15:06'),(766932267,9004,NULL,'XRP/BTC',0.00001755,10.30501569,1,'2020-06-29 15:15:06'),(766932268,9004,NULL,'XRP/BTC',0.00001754,7.18110737,1,'2020-06-29 15:15:06'),(766932269,9004,NULL,'XRP/BTC',0.0000175,10,1,'2020-06-29 15:15:06'),(766932270,9004,NULL,'XRP/BTC',0.00001746,30.355097,1,'2020-06-29 15:15:06'),(766932271,9004,NULL,'XRP/BTC',0.00001744,23.68527691,1,'2020-06-29 15:15:06'),(766932272,9004,NULL,'XRP/BTC',0.00001738,40.10224656,1,'2020-06-29 15:15:06'),(766932273,9004,NULL,'XRP/BTC',0.00001737,10.30501569,1,'2020-06-29 15:15:06'),(766932274,9004,NULL,'XRP/BTC',0.00001725,7.22819918,1,'2020-06-29 15:15:06'),(766932275,9004,NULL,'XRP/BTC',0.0000172,40.10224656,1,'2020-06-29 15:15:06'),(766932276,9004,NULL,'XRP/BTC',0.00001943,20000,2,'2020-06-29 15:15:06'),(766932277,9004,NULL,'XRP/BTC',0.00001961,8620.6029,2,'2020-06-29 15:15:06'),(766932278,9004,NULL,'XRP/BTC',0.00001962,2832,2,'2020-06-29 15:15:06'),(766932279,9004,NULL,'XRP/BTC',0.00001964,14431,2,'2020-06-29 15:15:06'),(766932280,9004,NULL,'XRP/BTC',0.00001965,6169.019987,2,'2020-06-29 15:15:06'),(766932281,9004,NULL,'XRP/BTC',0.0000197,14443,2,'2020-06-29 15:15:06'),(766932282,9004,NULL,'XRP/BTC',0.00001979,4.753924,2,'2020-06-29 15:15:06'),(766932283,9004,NULL,'XRP/BTC',0.00001985,1000,2,'2020-06-29 15:15:06'),(766932284,9004,NULL,'XRP/BTC',0.00001993,22.936276,2,'2020-06-29 15:15:06'),(766932285,9004,NULL,'XRP/BTC',0.00001995,324.563467,2,'2020-06-29 15:15:06'),(766932286,9004,NULL,'XRP/BTC',0.00001996,8964,2,'2020-06-29 15:15:06'),(766932287,9004,NULL,'XRP/BTC',0.00001998,10.54213753,2,'2020-06-29 15:15:06'),(766932288,9004,NULL,'XRP/BTC',0.00001999,414.183088,2,'2020-06-29 15:15:06'),(766932289,9004,NULL,'XRP/BTC',0.00002,26.669369,2,'2020-06-29 15:15:06'),(766932290,9004,NULL,'XRP/BTC',0.00002007,3.79279279,2,'2020-06-29 15:15:06'),(766932291,9004,NULL,'XRP/BTC',0.00002011,35.688818,2,'2020-06-29 15:15:06'),(766932292,9004,NULL,'XRP/BTC',0.00002012,29.97525,2,'2020-06-29 15:15:06'),(766932293,9004,NULL,'XRP/BTC',0.00002015,26.217066,2,'2020-06-29 15:15:06'),(766932294,9004,NULL,'XRP/BTC',0.0000202,385.14107563,2,'2020-06-29 15:15:06'),(766932295,9004,NULL,'XRP/BTC',0.00002022,3.34219682,2,'2020-06-29 15:15:06'),(766932296,9004,NULL,'XRP/BTC',0.00002023,7.11402015,2,'2020-06-29 15:15:06'),(766932297,9004,NULL,'XRP/BTC',0.00002024,10.4516246,2,'2020-06-29 15:15:06'),(766932298,9004,NULL,'XRP/BTC',0.00002025,10.30647974,2,'2020-06-29 15:15:06'),(766932299,9004,NULL,'XRP/BTC',0.00002027,12345.85358431,2,'2020-06-29 15:15:06'),(766932300,9004,NULL,'XRP/BTC',0.0000203,650,2,'2020-06-29 15:15:06'),(766932301,9004,NULL,'XRP/BTC',0.00002034,110,2,'2020-06-29 15:15:06'),(766932302,9004,NULL,'XRP/BTC',0.00002035,5710,2,'2020-06-29 15:15:06'),(766932303,9004,NULL,'XRP/BTC',0.00002042,15.50101417,2,'2020-06-29 15:15:06'),(766932304,9004,NULL,'XRP/BTC',0.00002048,4.14977,2,'2020-06-29 15:15:06'),(766932305,9004,NULL,'XRP/BTC',0.0000205,293.753043,2,'2020-06-29 15:15:06'),(766932306,9004,NULL,'XRP/BTC',0.00002056,29.9775,2,'2020-06-29 15:15:06'),(766932307,9004,NULL,'XRP/BTC',0.0000206,147.407674,2,'2020-06-29 15:15:06'),(766932308,9004,NULL,'XRP/BTC',0.00002066,3.2543,2,'2020-06-29 15:15:06'),(766932309,9004,NULL,'XRP/BTC',0.0000207,195.452324,2,'2020-06-29 15:15:06'),(766932310,9004,NULL,'XRP/BTC',0.00002075,21.299539,2,'2020-06-29 15:15:06'),(766932311,9004,NULL,'XRP/BTC',0.00002083,3.394646,2,'2020-06-29 15:15:06'),(766932312,9004,NULL,'XRP/BTC',0.0000209,1499.625,2,'2020-06-29 15:15:06'),(766932313,9004,NULL,'XRP/BTC',0.00002091,442.40178,2,'2020-06-29 15:15:06'),(766932314,9004,NULL,'XRP/BTC',0.00002096,771.836,2,'2020-06-29 15:15:06'),(766932315,9004,NULL,'XRP/BTC',0.000021,1315.55946398,2,'2020-06-29 15:15:06'),(766932316,9004,NULL,'XRP/BTC',0.00002101,20,2,'2020-06-29 15:15:06'),(766932317,9004,NULL,'XRP/BTC',0.00002112,9.01716777,2,'2020-06-29 15:15:06'),(766932318,9004,NULL,'XRP/BTC',0.00002115,999.025,2,'2020-06-29 15:15:06'),(766932319,9004,NULL,'XRP/BTC',0.00002129,282.266527,2,'2020-06-29 15:15:06'),(766932320,9004,NULL,'XRP/BTC',0.00002132,9.07364398,2,'2020-06-29 15:15:06'),(766932321,9004,NULL,'XRP/BTC',0.0000214,237.525985,2,'2020-06-29 15:15:06'),(766932322,9004,NULL,'XRP/BTC',0.0000215,20,2,'2020-06-29 15:15:06'),(766932323,9004,NULL,'XRP/BTC',0.00002154,146.987493,2,'2020-06-29 15:15:06'),(766932324,9004,NULL,'XRP/BTC',0.0000216,50,2,'2020-06-29 15:15:06'),(766932325,9004,NULL,'XRP/BTC',0.00002165,139.94407272,2,'2020-06-29 15:15:06');
/*!40000 ALTER TABLE `book_order` ENABLE KEYS */;
UNLOCK TABLES;

--
-- Table structure for table `exchange`
--

DROP TABLE IF EXISTS `exchange`;
/*!40101 SET @saved_cs_client     = @@character_set_client */;
/*!40101 SET character_set_client = utf8 */;
CREATE TABLE `exchange` (
  `id` int(11) NOT NULL AUTO_INCREMENT,
  `name` varchar(255) COLLATE utf8mb4_unicode_ci NOT NULL,
  `infinite_supply` tinyint(1) NOT NULL,
  `class` varchar(255) COLLATE utf8mb4_unicode_ci DEFAULT NULL,
  PRIMARY KEY (`id`)
) ENGINE=InnoDB AUTO_INCREMENT=9005 DEFAULT CHARSET=utf8mb4 COLLATE=utf8mb4_unicode_ci;
/*!40101 SET character_set_client = @saved_cs_client */;

--
-- Dumping data for table `exchange`
--

LOCK TABLES `exchange` WRITE;
/*!40000 ALTER TABLE `exchange` DISABLE KEYS */;
INSERT INTO `exchange` VALUES (1000,'Binance',0,'BinanceExchange'),(1001,'CEX',0,'CexExchange'),(9000,'Ripio',0,'RipioExchange'),(9001,'DolarIol',1,'DolarIolExchange'),(9002,'Buenbit',0,'BuenbitExchange'),(9003,'CryptoMkt',0,'CryptoMktExchange'),(9004,'Bitso',0,'BitsoExchange');
/*!40000 ALTER TABLE `exchange` ENABLE KEYS */;
UNLOCK TABLES;

--
-- Table structure for table `rate`
--

DROP TABLE IF EXISTS `rate`;
/*!40101 SET @saved_cs_client     = @@character_set_client */;
/*!40101 SET character_set_client = utf8 */;
CREATE TABLE `rate` (
  `id` int(11) NOT NULL AUTO_INCREMENT,
  `exchange_id` int(11) NOT NULL,
  `pair` varchar(255) COLLATE utf8mb4_unicode_ci NOT NULL,
  `buy_price` double NOT NULL,
  `sell_price` double NOT NULL,
  `date_time` datetime NOT NULL,
  PRIMARY KEY (`id`),
  KEY `IDX_DFEC3F3968AFD1A0` (`exchange_id`),
  CONSTRAINT `FK_DFEC3F3968AFD1A0` FOREIGN KEY (`exchange_id`) REFERENCES `exchange` (`id`)
) ENGINE=InnoDB AUTO_INCREMENT=22 DEFAULT CHARSET=utf8mb4 COLLATE=utf8mb4_unicode_ci;
/*!40101 SET character_set_client = @saved_cs_client */;

--
-- Dumping data for table `rate`
--

LOCK TABLES `rate` WRITE;
/*!40000 ALTER TABLE `rate` DISABLE KEYS */;
INSERT INTO `rate` VALUES (3,1000,'BTC/USD',9154.5624778,9154.5624778,'2020-06-29 15:15:05'),(4,1000,'ETH/USD',226.70695421,226.70695421,'2020-06-29 15:15:05'),(5,1000,'ETH/BTC',0.02476734,0.02476734,'2020-06-29 15:15:05'),(6,9000,'BTC/ARS',1092314.17575,1109935.8375,'2020-06-29 15:15:02'),(7,9000,'ETH/ARS',30684.843,27326.3875,'2020-06-29 15:15:02'),(8,9000,'USDC/ARS',127.2334877514,117.92790405,'2020-06-29 15:15:03'),(9,9000,'BTC/USDC',8467.55175,8879.4867,'2020-06-29 15:15:03'),(10,9000,'ETH/USDC',237.867,218.6111,'2020-06-29 15:15:04'),(11,1000,'XLM/USD',0.06456735,0.06456735,'2020-06-29 15:15:06'),(12,1000,'EOS/USD',2.36133368,2.36133368,'2020-06-29 15:15:06'),(13,9003,'BTC/ARS',1091160,1111940,'2020-06-29 15:14:59'),(14,9003,'ETH/ARS',26758,27786,'2020-06-29 15:15:00'),(15,9003,'XLM/ARS',7.615,7.945,'2020-06-29 15:15:03'),(16,9003,'EOS/ARS',277.85,290,'2020-06-29 15:15:04'),(17,9002,'BTC/ARS',1078236.37,1096269.83,'2020-06-29 15:15:04'),(18,9002,'ETH/ARS',9850.01,70000,'2020-06-29 15:15:05'),(19,9004,'BTC/ARS',1076000.01,1085436.01,'2020-06-29 15:15:05'),(20,9004,'ETH/BTC',0.02474411,0.02478843,'2020-06-29 15:15:06'),(21,9004,'XRP/BTC',0.00001939,0.00001943,'2020-06-29 15:15:06');
/*!40000 ALTER TABLE `rate` ENABLE KEYS */;
UNLOCK TABLES;

--
-- Table structure for table `user`
--

DROP TABLE IF EXISTS `user`;
/*!40101 SET @saved_cs_client     = @@character_set_client */;
/*!40101 SET character_set_client = utf8 */;
CREATE TABLE `user` (
  `id` int(11) NOT NULL AUTO_INCREMENT,
  `email` varchar(255) COLLATE utf8mb4_unicode_ci NOT NULL,
  `nombre` varchar(255) COLLATE utf8mb4_unicode_ci NOT NULL,
  `apellido` varchar(255) COLLATE utf8mb4_unicode_ci NOT NULL,
  `roles` longtext CHARACTER SET utf8mb4 COLLATE utf8mb4_bin NOT NULL CHECK (json_valid(`roles`)),
  `password` varchar(255) COLLATE utf8mb4_unicode_ci DEFAULT NULL,
  `password_request_token` varchar(255) COLLATE utf8mb4_unicode_ci DEFAULT NULL,
  PRIMARY KEY (`id`),
  UNIQUE KEY `UNIQ_8D93D649E7927C74` (`email`)
) ENGINE=InnoDB AUTO_INCREMENT=8 DEFAULT CHARSET=utf8mb4 COLLATE=utf8mb4_unicode_ci;
/*!40101 SET character_set_client = @saved_cs_client */;

--
-- Dumping data for table `user`
--

LOCK TABLES `user` WRITE;
/*!40000 ALTER TABLE `user` DISABLE KEYS */;
INSERT INTO `user` VALUES (2,'equistango@gmail.com','Ernesto Nicolás','Carrea','[]','$argon2id$v=19$m=65536,t=4,p=1$bkpmWUtTVXJYUGpKYWw1Uw$7aePK3dPXicX57nJxEkA6Cvv6KCLVJMdpsJymOMpPUs',NULL),(3,'facuchaer@hotmail.com','Facundo','Chaer','[]','$argon2id$v=19$m=65536,t=4,p=1$cG56cDFiZ0RVSU9lQjZQaw$qO8gGBwRKKisdU/pqAceqyggjMSfthay7o1i8e+ITSY',NULL),(4,'pilutdf22@gmail.com','carlos','garay','[]','$argon2id$v=19$m=65536,t=4,p=1$cDd4dEhuWFJyTzBKVHgueA$cyeXgB5MmuGTKSAraz7eMOfFFBa6fEqMcEE8coL8Odk',NULL),(6,'rezequiel.tdf@gmail.com','Ezequiel','Riquelme','[]','$argon2id$v=19$m=65536,t=4,p=1$QkRuYU9CaHI3RlR5WmxlWg$5a85NkjtL5Pw6DyA+rdMZOR7jZEp9Yd4/OHaGMM/e3M',NULL),(7,'agustineduran@gmail.com','Agustín','Durán','[]','$argon2id$v=19$m=65536,t=4,p=1$dkNmdUQ0WFQ2UWNjdDBPaw$licobJfaIKTam3BR73EROBA5TjhMeI4ClxVWSZ6oL0I',NULL);
/*!40000 ALTER TABLE `user` ENABLE KEYS */;
UNLOCK TABLES;
/*!40103 SET TIME_ZONE=@OLD_TIME_ZONE */;

/*!40101 SET SQL_MODE=@OLD_SQL_MODE */;
/*!40014 SET FOREIGN_KEY_CHECKS=@OLD_FOREIGN_KEY_CHECKS */;
/*!40014 SET UNIQUE_CHECKS=@OLD_UNIQUE_CHECKS */;
/*!40101 SET CHARACTER_SET_CLIENT=@OLD_CHARACTER_SET_CLIENT */;
/*!40101 SET CHARACTER_SET_RESULTS=@OLD_CHARACTER_SET_RESULTS */;
/*!40101 SET COLLATION_CONNECTION=@OLD_COLLATION_CONNECTION */;
/*!40111 SET SQL_NOTES=@OLD_SQL_NOTES */;

-- Dump completed on 2020-06-29 15:15:10
