-- MariaDB dump 10.17  Distrib 10.4.13-MariaDB, for Linux (x86_64)
--
-- Host: localhost    Database: cryptodash_dev
-- ------------------------------------------------------
-- Server version	10.4.13-MariaDB

/*!40101 SET @OLD_CHARACTER_SET_CLIENT=@@CHARACTER_SET_CLIENT */;
/*!40101 SET @OLD_CHARACTER_SET_RESULTS=@@CHARACTER_SET_RESULTS */;
/*!40101 SET @OLD_COLLATION_CONNECTION=@@COLLATION_CONNECTION */;
/*!40101 SET NAMES utf8mb4 */;
/*!40103 SET @OLD_TIME_ZONE=@@TIME_ZONE */;
/*!40103 SET TIME_ZONE='+00:00' */;
/*!40014 SET @OLD_UNIQUE_CHECKS=@@UNIQUE_CHECKS, UNIQUE_CHECKS=0 */;
/*!40014 SET @OLD_FOREIGN_KEY_CHECKS=@@FOREIGN_KEY_CHECKS, FOREIGN_KEY_CHECKS=0 */;
/*!40101 SET @OLD_SQL_MODE=@@SQL_MODE, SQL_MODE='NO_AUTO_VALUE_ON_ZERO' */;
/*!40111 SET @OLD_SQL_NOTES=@@SQL_NOTES, SQL_NOTES=0 */;

--
-- Table structure for table `cotizacion`
--

DROP TABLE IF EXISTS `cotizacion`;
/*!40101 SET @saved_cs_client     = @@character_set_client */;
/*!40101 SET character_set_client = utf8 */;
CREATE TABLE `cotizacion` (
  `id` int(11) NOT NULL AUTO_INCREMENT,
  `exchange_id` int(11) NOT NULL,
  `par` varchar(255) COLLATE utf8mb4_unicode_ci NOT NULL,
  `precio_compra` decimal(16,8) NOT NULL,
  `precio_venta` decimal(16,8) NOT NULL,
  `fecha` datetime NOT NULL,
  PRIMARY KEY (`id`),
  KEY `IDX_44A5EC0368AFD1A0` (`exchange_id`),
  CONSTRAINT `FK_DFEC3F3968AFD1A0` FOREIGN KEY (`exchange_id`) REFERENCES `exchange` (`id`)
) ENGINE=InnoDB AUTO_INCREMENT=22 DEFAULT CHARSET=utf8mb4 COLLATE=utf8mb4_unicode_ci;
/*!40101 SET character_set_client = @saved_cs_client */;

--
-- Dumping data for table `cotizacion`
--

LOCK TABLES `cotizacion` WRITE;
/*!40000 ALTER TABLE `cotizacion` DISABLE KEYS */;
INSERT INTO `cotizacion` VALUES (3,1000,'BTC/USD',9090.83474820,9090.83474820,'2020-07-02 21:32:48'),(4,1000,'ETH/USD',226.10777125,226.10777125,'2020-07-02 21:32:48'),(5,1000,'ETH/BTC',0.02487149,0.02487149,'2020-07-02 21:32:49'),(6,9000,'BTC/ARS',1067244.14160000,1056879.90000000,'2020-07-02 21:32:44'),(7,9000,'ETH/ARS',30627.95400000,27275.72500000,'2020-07-02 21:32:45'),(8,9000,'USDC/ARS',128.17440000,118.80000000,'2020-07-02 21:32:45'),(9,9000,'BTC/USDC',8273.21040000,8455.03920000,'2020-07-02 21:32:46'),(10,9000,'ETH/USDC',237.42600000,218.20580000,'2020-07-02 21:32:46'),(11,1000,'XLM/USD',0.06722329,0.06722329,'2020-07-02 21:32:49'),(12,1000,'EOS/USD',2.35934050,2.35934050,'2020-07-02 21:32:50'),(13,9003,'BTC/ARS',1070000.00000000,1083900.00000000,'2020-07-02 21:32:52'),(14,9003,'ETH/ARS',26250.00000000,26588.00000000,'2020-07-02 21:32:53'),(15,9003,'XLM/ARS',7.83500000,8.20000000,'2020-07-02 21:32:55'),(16,9003,'EOS/ARS',272.50000000,279.00000000,'2020-07-02 21:32:56'),(17,9002,'BTC/ARS',1053904.60000000,1082525.67000000,'2020-07-02 21:32:57'),(18,9002,'ETH/ARS',9850.01000000,70000.00000000,'2020-07-02 21:32:57'),(19,9004,'BTC/ARS',1068013.46000000,1070400.65000000,'2020-07-02 21:32:59'),(20,9004,'ETH/BTC',0.02485213,0.02486000,'2020-07-02 21:32:59'),(21,9004,'XRP/BTC',0.00001924,0.00001925,'2020-07-02 21:33:00');
/*!40000 ALTER TABLE `cotizacion` ENABLE KEYS */;
UNLOCK TABLES;

--
-- Table structure for table `divisa`
--

DROP TABLE IF EXISTS `divisa`;
/*!40101 SET @saved_cs_client     = @@character_set_client */;
/*!40101 SET character_set_client = utf8 */;
CREATE TABLE `divisa` (
  `id` int(11) NOT NULL AUTO_INCREMENT,
  `simbolo` varchar(255) COLLATE utf8mb4_unicode_ci NOT NULL,
  `nombre` varchar(255) COLLATE utf8mb4_unicode_ci NOT NULL,
  PRIMARY KEY (`id`)
) ENGINE=InnoDB AUTO_INCREMENT=2005 DEFAULT CHARSET=utf8mb4 COLLATE=utf8mb4_unicode_ci;
/*!40101 SET character_set_client = @saved_cs_client */;

--
-- Dumping data for table `divisa`
--

LOCK TABLES `divisa` WRITE;
/*!40000 ALTER TABLE `divisa` DISABLE KEYS */;
INSERT INTO `divisa` VALUES (32,'ARS','Pesos'),(840,'USD','Dólar'),(1001,'BTC','Bitcoin'),(1002,'ETH','Ethereum'),(1003,'XRP','Ripple'),(1004,'LTC','Litecoin'),(2000,'USDT','Tether'),(2001,'DAI','DAI'),(2002,'USDC','USDC'),(2003,'EOS','EOS'),(2004,'XLM','Stellar Lumen');
/*!40000 ALTER TABLE `divisa` ENABLE KEYS */;
UNLOCK TABLES;

--
-- Table structure for table `exchange`
--

DROP TABLE IF EXISTS `exchange`;
/*!40101 SET @saved_cs_client     = @@character_set_client */;
/*!40101 SET character_set_client = utf8 */;
CREATE TABLE `exchange` (
  `id` int(11) NOT NULL AUTO_INCREMENT,
  `nombre` varchar(255) COLLATE utf8mb4_unicode_ci NOT NULL,
  `suministro_infinito` tinyint(1) NOT NULL,
  `clase` varchar(255) COLLATE utf8mb4_unicode_ci DEFAULT NULL,
  PRIMARY KEY (`id`)
) ENGINE=InnoDB AUTO_INCREMENT=9005 DEFAULT CHARSET=utf8mb4 COLLATE=utf8mb4_unicode_ci;
/*!40101 SET character_set_client = @saved_cs_client */;

--
-- Dumping data for table `exchange`
--

LOCK TABLES `exchange` WRITE;
/*!40000 ALTER TABLE `exchange` DISABLE KEYS */;
INSERT INTO `exchange` VALUES (1000,'Binance',0,'BinanceExchange'),(1001,'CEX',0,'CexExchange'),(9000,'Ripio',0,'RipioExchange'),(9001,'DolarIol',1,'DolarIolExchange'),(9002,'Buenbit',0,'BuenbitExchange'),(9003,'CryptoMkt',0,'CryptoMktExchange'),(9004,'Bitso',0,'BitsoExchange');
/*!40000 ALTER TABLE `exchange` ENABLE KEYS */;
UNLOCK TABLES;

--
-- Table structure for table `oportunidad`
--

DROP TABLE IF EXISTS `oportunidad`;
/*!40101 SET @saved_cs_client     = @@character_set_client */;
/*!40101 SET character_set_client = utf8 */;
CREATE TABLE `oportunidad` (
  `id` int(11) NOT NULL AUTO_INCREMENT,
  `cantidad` decimal(16,8) NOT NULL,
  `fecha` datetime NOT NULL,
  PRIMARY KEY (`id`)
) ENGINE=InnoDB DEFAULT CHARSET=utf8mb4 COLLATE=utf8mb4_unicode_ci;
/*!40101 SET character_set_client = @saved_cs_client */;

--
-- Dumping data for table `oportunidad`
--

LOCK TABLES `oportunidad` WRITE;
/*!40000 ALTER TABLE `oportunidad` DISABLE KEYS */;
/*!40000 ALTER TABLE `oportunidad` ENABLE KEYS */;
UNLOCK TABLES;

--
-- Table structure for table `oportunidad_orden`
--

DROP TABLE IF EXISTS `oportunidad_orden`;
/*!40101 SET @saved_cs_client     = @@character_set_client */;
/*!40101 SET character_set_client = utf8 */;
CREATE TABLE `oportunidad_orden` (
  `oportunidad_id` int(11) NOT NULL,
  `orden_id` int(11) NOT NULL,
  PRIMARY KEY (`oportunidad_id`,`orden_id`),
  KEY `IDX_EF483F08C92451D7` (`oportunidad_id`),
  KEY `IDX_EF483F089750851F` (`orden_id`),
  CONSTRAINT `FK_EF483F089750851F` FOREIGN KEY (`orden_id`) REFERENCES `orden` (`id`) ON DELETE CASCADE,
  CONSTRAINT `FK_EF483F08C92451D7` FOREIGN KEY (`oportunidad_id`) REFERENCES `oportunidad` (`id`) ON DELETE CASCADE
) ENGINE=InnoDB DEFAULT CHARSET=utf8mb4 COLLATE=utf8mb4_unicode_ci;
/*!40101 SET character_set_client = @saved_cs_client */;

--
-- Dumping data for table `oportunidad_orden`
--

LOCK TABLES `oportunidad_orden` WRITE;
/*!40000 ALTER TABLE `oportunidad_orden` DISABLE KEYS */;
/*!40000 ALTER TABLE `oportunidad_orden` ENABLE KEYS */;
UNLOCK TABLES;

--
-- Table structure for table `orden`
--

DROP TABLE IF EXISTS `orden`;
/*!40101 SET @saved_cs_client     = @@character_set_client */;
/*!40101 SET character_set_client = utf8 */;
CREATE TABLE `orden` (
  `id` int(11) NOT NULL AUTO_INCREMENT,
  `exchange_id` int(11) NOT NULL,
  `par` varchar(255) COLLATE utf8mb4_unicode_ci NOT NULL,
  `precio` decimal(16,8) NOT NULL,
  `cantidad` decimal(16,8) NOT NULL,
  `lado` smallint(6) NOT NULL,
  `fecha` datetime NOT NULL,
  PRIMARY KEY (`id`),
  KEY `IDX_E128CFD768AFD1A0` (`exchange_id`),
  CONSTRAINT `FK_FBEB86E168AFD1A0` FOREIGN KEY (`exchange_id`) REFERENCES `exchange` (`id`)
) ENGINE=InnoDB AUTO_INCREMENT=23688 DEFAULT CHARSET=utf8mb4 COLLATE=utf8mb4_unicode_ci;
/*!40101 SET character_set_client = @saved_cs_client */;

--
-- Dumping data for table `orden`
--

LOCK TABLES `orden` WRITE;
/*!40000 ALTER TABLE `orden` DISABLE KEYS */;
INSERT INTO `orden` VALUES (22748,9003,'BTC/ARS',1061640.00000000,0.00805900,1,'2020-07-02 21:31:42'),(22749,9003,'BTC/ARS',1061620.00000000,0.74043200,1,'2020-07-02 21:31:42'),(22750,9003,'BTC/ARS',1061600.00000000,0.02800400,1,'2020-07-02 21:31:42'),(22751,9003,'BTC/ARS',1060600.00000000,0.00895700,1,'2020-07-02 21:31:42'),(22752,9003,'BTC/ARS',1055200.00000000,0.00900300,1,'2020-07-02 21:31:42'),(22753,9003,'BTC/ARS',1055160.00000000,0.02360600,1,'2020-07-02 21:31:42'),(22754,9003,'BTC/ARS',1055060.00000000,0.00844600,1,'2020-07-02 21:31:42'),(22755,9003,'BTC/ARS',1053100.00000000,0.08507500,1,'2020-07-02 21:31:42'),(22756,9003,'BTC/ARS',1051320.00000000,0.00494700,1,'2020-07-02 21:31:42'),(22757,9003,'BTC/ARS',1051320.00000000,0.00188500,1,'2020-07-02 21:31:42'),(22758,9003,'BTC/ARS',1051260.00000000,0.11510600,1,'2020-07-02 21:31:42'),(22759,9003,'BTC/ARS',1049400.00000000,0.00459800,1,'2020-07-02 21:31:42'),(22760,9003,'BTC/ARS',1047340.00000000,0.00436800,1,'2020-07-02 21:31:42'),(22761,9003,'BTC/ARS',1047000.00000000,0.00331300,1,'2020-07-02 21:31:42'),(22762,9003,'BTC/ARS',1045100.00000000,0.00202300,1,'2020-07-02 21:31:42'),(22763,9003,'BTC/ARS',1044920.00000000,0.07086600,1,'2020-07-02 21:31:42'),(22764,9003,'BTC/ARS',1044820.00000000,0.17885500,1,'2020-07-02 21:31:42'),(22765,9003,'BTC/ARS',1042500.00000000,0.00308900,1,'2020-07-02 21:31:42'),(22766,9003,'BTC/ARS',1042140.00000000,0.14913100,1,'2020-07-02 21:31:42'),(22769,9003,'BTC/ARS',1083900.00000000,0.00323500,2,'2020-07-02 21:31:42'),(22770,9003,'BTC/ARS',1083980.00000000,0.01730800,2,'2020-07-02 21:31:42'),(22771,9003,'BTC/ARS',1084000.00000000,0.01695800,2,'2020-07-02 21:31:42'),(22772,9003,'BTC/ARS',1088780.00000000,0.00201800,2,'2020-07-02 21:31:42'),(22773,9003,'BTC/ARS',1088860.00000000,0.01041400,2,'2020-07-02 21:31:42'),(22774,9003,'BTC/ARS',1094440.00000000,0.06800000,2,'2020-07-02 21:31:42'),(22775,9003,'BTC/ARS',1094460.00000000,0.26295700,2,'2020-07-02 21:31:42'),(22776,9003,'BTC/ARS',1094900.00000000,0.00416500,2,'2020-07-02 21:31:42'),(22777,9003,'BTC/ARS',1095000.00000000,0.12285000,2,'2020-07-02 21:31:42'),(22778,9003,'BTC/ARS',1100000.00000000,0.02000000,2,'2020-07-02 21:31:42'),(22779,9003,'BTC/ARS',1103500.00000000,0.11621700,2,'2020-07-02 21:31:42'),(22781,9003,'BTC/ARS',1106940.00000000,0.31362900,2,'2020-07-02 21:31:42'),(22782,9003,'BTC/ARS',1107740.00000000,0.08583000,2,'2020-07-02 21:31:42'),(22783,9003,'BTC/ARS',1112900.00000000,0.72295500,2,'2020-07-02 21:31:42'),(22784,9003,'BTC/ARS',1115000.00000000,0.00478800,2,'2020-07-02 21:31:42'),(22785,9003,'BTC/ARS',1119080.00000000,0.62760400,2,'2020-07-02 21:31:42'),(22786,9003,'BTC/ARS',1119640.00000000,0.08631700,2,'2020-07-02 21:31:42'),(22787,9003,'BTC/ARS',1129800.00000000,0.00690000,2,'2020-07-02 21:31:42'),(22788,9003,'ETH/ARS',26250.00000000,0.11350000,1,'2020-07-02 21:31:46'),(22789,9003,'ETH/ARS',26202.00000000,0.11830000,1,'2020-07-02 21:31:46'),(22790,9003,'ETH/ARS',26194.00000000,0.03060000,1,'2020-07-02 21:31:46'),(22791,9003,'ETH/ARS',26192.00000000,0.31400000,1,'2020-07-02 21:31:46'),(22792,9003,'ETH/ARS',26174.00000000,0.39210000,1,'2020-07-02 21:31:46'),(22793,9003,'ETH/ARS',26172.00000000,5.94700000,1,'2020-07-02 21:31:46'),(22794,9003,'ETH/ARS',26150.00000000,1.03020000,1,'2020-07-02 21:31:46'),(22795,9003,'ETH/ARS',26070.00000000,0.25240000,1,'2020-07-02 21:31:46'),(22796,9003,'ETH/ARS',26052.00000000,4.90670000,1,'2020-07-02 21:31:46'),(22797,9003,'ETH/ARS',26038.00000000,7.46360000,1,'2020-07-02 21:31:46'),(22798,9003,'ETH/ARS',26004.00000000,0.20010000,1,'2020-07-02 21:31:46'),(22799,9003,'ETH/ARS',26000.00000000,0.07490000,1,'2020-07-02 21:31:46'),(22800,9003,'ETH/ARS',26000.00000000,5.00170000,1,'2020-07-02 21:31:46'),(22801,9003,'ETH/ARS',26000.00000000,0.59420000,1,'2020-07-02 21:31:46'),(22802,9003,'ETH/ARS',25970.00000000,6.73860000,1,'2020-07-02 21:31:46'),(22804,9003,'ETH/ARS',25684.00000000,0.31000000,1,'2020-07-02 21:31:46'),(22805,9003,'ETH/ARS',25500.00000000,0.43870000,1,'2020-07-02 21:31:46'),(22806,9003,'ETH/ARS',25480.00000000,0.58860000,1,'2020-07-02 21:31:46'),(22807,9003,'ETH/ARS',25146.00000000,3.43730000,1,'2020-07-02 21:31:46'),(22808,9003,'ETH/ARS',26588.00000000,5.14560000,2,'2020-07-02 21:31:46'),(22809,9003,'ETH/ARS',26590.00000000,0.45380000,2,'2020-07-02 21:31:46'),(22810,9003,'ETH/ARS',26990.00000000,0.22030000,2,'2020-07-02 21:31:46'),(22812,9003,'ETH/ARS',27000.00000000,1.66430000,2,'2020-07-02 21:31:46'),(22813,9003,'ETH/ARS',27070.00000000,0.03000000,2,'2020-07-02 21:31:46'),(22814,9003,'ETH/ARS',27198.00000000,2.12280000,2,'2020-07-02 21:31:46'),(22815,9003,'ETH/ARS',27200.00000000,0.74120000,2,'2020-07-02 21:31:46'),(22816,9003,'ETH/ARS',27316.00000000,0.50310000,2,'2020-07-02 21:31:46'),(22817,9003,'ETH/ARS',27414.00000000,14.78180000,2,'2020-07-02 21:31:46'),(22818,9003,'ETH/ARS',27460.00000000,16.39710000,2,'2020-07-02 21:31:46'),(22819,9003,'ETH/ARS',27500.00000000,9.51070000,2,'2020-07-02 21:31:46'),(22820,9003,'ETH/ARS',27574.00000000,11.31100000,2,'2020-07-02 21:31:46'),(22821,9003,'ETH/ARS',27634.00000000,8.25000000,2,'2020-07-02 21:31:46'),(22822,9003,'ETH/ARS',27850.00000000,0.02300000,2,'2020-07-02 21:31:46'),(22823,9003,'ETH/ARS',27934.00000000,7.79150000,2,'2020-07-02 21:31:46'),(22824,9003,'ETH/ARS',28000.00000000,0.58000000,2,'2020-07-02 21:31:46'),(22825,9003,'ETH/ARS',28000.00000000,0.85870000,2,'2020-07-02 21:31:46'),(22826,9003,'ETH/ARS',28206.00000000,0.68190000,2,'2020-07-02 21:31:46'),(22828,9003,'XLM/ARS',7.83500000,485.37990000,1,'2020-07-02 21:31:47'),(22829,9003,'XLM/ARS',7.83000000,625.57720000,1,'2020-07-02 21:31:47'),(22830,9003,'XLM/ARS',7.76500000,15945.24600000,1,'2020-07-02 21:31:47'),(22831,9003,'XLM/ARS',7.76500000,31210.92870000,1,'2020-07-02 21:31:47'),(22832,9003,'XLM/ARS',7.76000000,35125.75320000,1,'2020-07-02 21:31:47'),(22833,9003,'XLM/ARS',7.73000000,25062.44330000,1,'2020-07-02 21:31:47'),(22834,9003,'XLM/ARS',7.64500000,14484.82920000,1,'2020-07-02 21:31:47'),(22835,9003,'XLM/ARS',7.61000000,9919.94400000,1,'2020-07-02 21:31:47'),(22836,9003,'XLM/ARS',7.52500000,5521.93850000,1,'2020-07-02 21:31:47'),(22837,9003,'XLM/ARS',7.52500000,2772.59490000,1,'2020-07-02 21:31:47'),(22839,9003,'XLM/ARS',7.50000000,4594.00000000,1,'2020-07-02 21:31:47'),(22840,9003,'XLM/ARS',7.50000000,1333.33330000,1,'2020-07-02 21:31:47'),(22841,9003,'XLM/ARS',7.30000000,500.14660000,1,'2020-07-02 21:31:47'),(22842,9003,'XLM/ARS',7.29500000,162.98830000,1,'2020-07-02 21:31:47'),(22843,9003,'XLM/ARS',7.29500000,2717.06100000,1,'2020-07-02 21:31:47'),(22844,9003,'XLM/ARS',7.10000000,14084.99990000,1,'2020-07-02 21:31:47'),(22845,9003,'XLM/ARS',7.02000000,1242.48860000,1,'2020-07-02 21:31:47'),(22846,9003,'XLM/ARS',7.00000000,100.71420000,1,'2020-07-02 21:31:47'),(22847,9003,'XLM/ARS',7.00000000,431.33760000,1,'2020-07-02 21:31:47'),(22849,9003,'XLM/ARS',8.20500000,3852.40170000,2,'2020-07-02 21:31:47'),(22851,9003,'XLM/ARS',8.21500000,16989.60470000,2,'2020-07-02 21:31:47'),(22852,9003,'XLM/ARS',8.24500000,15718.98840000,2,'2020-07-02 21:31:47'),(22853,9003,'XLM/ARS',8.24500000,10732.93160000,2,'2020-07-02 21:31:47'),(22854,9003,'XLM/ARS',8.25000000,628.79140000,2,'2020-07-02 21:31:47'),(22855,9003,'XLM/ARS',8.25000000,8186.82670000,2,'2020-07-02 21:31:47'),(22856,9003,'XLM/ARS',8.25000000,1214.53390000,2,'2020-07-02 21:31:47'),(22857,9003,'XLM/ARS',8.27500000,31613.03500000,2,'2020-07-02 21:31:47'),(22858,9003,'XLM/ARS',8.34500000,11487.78770000,2,'2020-07-02 21:31:47'),(22859,9003,'XLM/ARS',8.43000000,4170.82060000,2,'2020-07-02 21:31:47'),(22860,9003,'XLM/ARS',8.49000000,2485.90120000,2,'2020-07-02 21:31:47'),(22861,9003,'XLM/ARS',8.54000000,20442.61670000,2,'2020-07-02 21:31:47'),(22862,9003,'XLM/ARS',8.59500000,8625.39650000,2,'2020-07-02 21:31:47'),(22863,9003,'XLM/ARS',8.79500000,36693.93070000,2,'2020-07-02 21:31:47'),(22864,9003,'XLM/ARS',8.80000000,10049.36320000,2,'2020-07-02 21:31:47'),(22865,9003,'XLM/ARS',9.00000000,234.37650000,2,'2020-07-02 21:31:47'),(22866,9003,'XLM/ARS',9.00000000,1238.93020000,2,'2020-07-02 21:31:47'),(22867,9003,'XLM/ARS',9.19500000,402.96530000,2,'2020-07-02 21:31:47'),(22868,9003,'EOS/ARS',272.50000000,7.91200000,1,'2020-07-02 21:31:48'),(22869,9003,'EOS/ARS',272.45000000,704.43130000,1,'2020-07-02 21:31:48'),(22870,9003,'EOS/ARS',272.40000000,442.34890000,1,'2020-07-02 21:31:48'),(22871,9003,'EOS/ARS',272.00000000,50.62120000,1,'2020-07-02 21:31:48'),(22872,9003,'EOS/ARS',271.60000000,348.68570000,1,'2020-07-02 21:31:48'),(22873,9003,'EOS/ARS',270.30000000,580.87300000,1,'2020-07-02 21:31:48'),(22874,9003,'EOS/ARS',270.00000000,3.16820000,1,'2020-07-02 21:31:48'),(22875,9003,'EOS/ARS',269.75000000,887.04570000,1,'2020-07-02 21:31:48'),(22876,9003,'EOS/ARS',268.50000000,115.42410000,1,'2020-07-02 21:31:48'),(22877,9003,'EOS/ARS',268.50000000,6.30200000,1,'2020-07-02 21:31:48'),(22878,9003,'EOS/ARS',265.00000000,2.01880000,1,'2020-07-02 21:31:48'),(22879,9003,'EOS/ARS',261.50000000,34.19350000,1,'2020-07-02 21:31:48'),(22880,9003,'EOS/ARS',261.45000000,151.18580000,1,'2020-07-02 21:31:48'),(22881,9003,'EOS/ARS',260.80000000,236.25750000,1,'2020-07-02 21:31:48'),(22882,9003,'EOS/ARS',260.00000000,4.03840000,1,'2020-07-02 21:31:48'),(22883,9003,'EOS/ARS',250.00000000,2.02000000,1,'2020-07-02 21:31:48'),(22884,9003,'EOS/ARS',250.00000000,1.99100000,1,'2020-07-02 21:31:48'),(22885,9003,'EOS/ARS',249.40000000,8.65070000,1,'2020-07-02 21:31:48'),(22886,9003,'EOS/ARS',249.35000000,5.92520000,1,'2020-07-02 21:31:48'),(22887,9003,'EOS/ARS',240.00000000,1.84810000,1,'2020-07-02 21:31:48'),(22889,9003,'EOS/ARS',280.00000000,30.00000000,2,'2020-07-02 21:31:48'),(22890,9003,'EOS/ARS',280.00000000,3.98640000,2,'2020-07-02 21:31:48'),(22891,9003,'EOS/ARS',282.00000000,30.00000000,2,'2020-07-02 21:31:48'),(22892,9003,'EOS/ARS',282.00000000,11.59170000,2,'2020-07-02 21:31:48'),(22893,9003,'EOS/ARS',284.05000000,88.45690000,2,'2020-07-02 21:31:48'),(22894,9003,'EOS/ARS',284.10000000,49.70390000,2,'2020-07-02 21:31:48'),(22895,9003,'EOS/ARS',286.00000000,403.59530000,2,'2020-07-02 21:31:48'),(22896,9003,'EOS/ARS',286.35000000,375.44850000,2,'2020-07-02 21:31:48'),(22897,9003,'EOS/ARS',286.60000000,326.49420000,2,'2020-07-02 21:31:48'),(22898,9003,'EOS/ARS',287.55000000,783.10460000,2,'2020-07-02 21:31:48'),(22899,9003,'EOS/ARS',287.60000000,250.67990000,2,'2020-07-02 21:31:48'),(22900,9003,'EOS/ARS',288.05000000,406.42370000,2,'2020-07-02 21:31:48'),(22901,9003,'EOS/ARS',290.00000000,41.00000000,2,'2020-07-02 21:31:48'),(22902,9003,'EOS/ARS',290.00000000,3.00000000,2,'2020-07-02 21:31:48'),(22903,9003,'EOS/ARS',295.00000000,51.82660000,2,'2020-07-02 21:31:48'),(22904,9003,'EOS/ARS',295.10000000,2.97960000,2,'2020-07-02 21:31:48'),(22905,9003,'EOS/ARS',296.05000000,418.71320000,2,'2020-07-02 21:31:48'),(22906,9003,'EOS/ARS',296.75000000,14.20050000,2,'2020-07-02 21:31:48'),(22907,9003,'EOS/ARS',301.15000000,618.77550000,2,'2020-07-02 21:31:48'),(22908,9002,'BTC/ARS',1053904.60000000,0.08920000,1,'2020-07-02 21:31:50'),(22909,9002,'BTC/ARS',1029904.60000000,0.13690000,1,'2020-07-02 21:31:50'),(22910,9002,'BTC/ARS',1022777.87000000,0.26000100,1,'2020-07-02 21:31:50'),(22911,9002,'BTC/ARS',1019486.45000000,0.01803800,1,'2020-07-02 21:31:50'),(22912,9002,'BTC/ARS',1017499.30000000,0.29994000,1,'2020-07-02 21:31:50'),(22913,9002,'BTC/ARS',1016682.08000000,0.01143700,1,'2020-07-02 21:31:50'),(22914,9002,'BTC/ARS',1015343.96000000,0.01025400,1,'2020-07-02 21:31:50'),(22915,9002,'BTC/ARS',1011054.39000000,0.01752500,1,'2020-07-02 21:31:50'),(22916,9002,'BTC/ARS',1005904.60000000,0.14020000,1,'2020-07-02 21:31:50'),(22917,9002,'BTC/ARS',1003313.68000000,0.33456400,1,'2020-07-02 21:31:50'),(22918,9002,'BTC/ARS',1002622.33000000,0.01678600,1,'2020-07-02 21:31:50'),(22919,9002,'BTC/ARS',999483.30000000,0.01005300,1,'2020-07-02 21:31:50'),(22920,9002,'BTC/ARS',994190.26000000,0.01796200,1,'2020-07-02 21:31:50'),(22921,9002,'BTC/ARS',985758.20000000,0.01720300,1,'2020-07-02 21:31:50'),(22922,9002,'BTC/ARS',983622.64000000,0.00862200,1,'2020-07-02 21:31:50'),(22923,9002,'BTC/ARS',1082525.67000000,0.24457300,2,'2020-07-02 21:31:50'),(22924,9002,'BTC/ARS',1088529.18000000,0.01916100,2,'2020-07-02 21:31:50'),(22925,9002,'BTC/ARS',1088650.25000000,0.27951400,2,'2020-07-02 21:31:50'),(22926,9002,'BTC/ARS',1089705.96000000,0.28688700,2,'2020-07-02 21:31:50'),(22927,9002,'BTC/ARS',1090761.68000000,0.28869300,2,'2020-07-02 21:31:50'),(22928,9002,'BTC/ARS',1091817.39000000,0.31009600,2,'2020-07-02 21:31:50'),(22929,9002,'BTC/ARS',1092873.10000000,0.29182000,2,'2020-07-02 21:31:50'),(22930,9002,'BTC/ARS',1093928.82000000,0.29344200,2,'2020-07-02 21:31:50'),(22931,9002,'BTC/ARS',1094984.53000000,0.28069900,2,'2020-07-02 21:31:50'),(22932,9002,'BTC/ARS',1095730.00000000,0.06108500,2,'2020-07-02 21:31:50'),(22933,9002,'BTC/ARS',1096040.25000000,0.21757600,2,'2020-07-02 21:31:50'),(22934,9002,'BTC/ARS',1099410.69000000,0.01102400,2,'2020-07-02 21:31:50'),(22935,9002,'BTC/ARS',1105393.31000000,0.01692500,2,'2020-07-02 21:31:50'),(22936,9002,'BTC/ARS',1108265.43000000,0.33157200,2,'2020-07-02 21:31:50'),(22937,9002,'BTC/ARS',1113825.37000000,0.01630600,2,'2020-07-02 21:31:50'),(22938,9002,'ETH/ARS',9850.01000000,0.03890000,1,'2020-07-02 21:31:50'),(22939,9002,'ETH/ARS',341.15000000,1.00000000,1,'2020-07-02 21:31:50'),(22940,9002,'ETH/ARS',12.01000000,25.97830000,1,'2020-07-02 21:31:50'),(22941,9002,'ETH/ARS',70000.00000000,0.00360000,2,'2020-07-02 21:31:50'),(22942,9002,'ETH/ARS',99000.00000000,0.49820000,2,'2020-07-02 21:31:50'),(22943,9002,'ETH/ARS',1335332.00000000,0.00260000,2,'2020-07-02 21:31:50'),(22946,9004,'BTC/ARS',1066004.90000000,0.01266410,1,'2020-07-02 21:31:52'),(22947,9004,'BTC/ARS',1066001.23000000,0.01266415,1,'2020-07-02 21:31:52'),(22948,9004,'BTC/ARS',1065200.01000000,0.00014081,1,'2020-07-02 21:31:52'),(22949,9004,'BTC/ARS',1065197.98000000,0.00108203,1,'2020-07-02 21:31:52'),(22951,9004,'BTC/ARS',1064097.94000000,0.00845785,1,'2020-07-02 21:31:52'),(22952,9004,'BTC/ARS',1063500.84000000,0.01452727,1,'2020-07-02 21:31:52'),(22953,9004,'BTC/ARS',1062500.00000000,0.04598096,1,'2020-07-02 21:31:52'),(22954,9004,'BTC/ARS',1061097.62000000,0.03275381,1,'2020-07-02 21:31:52'),(22955,9004,'BTC/ARS',1060682.68000000,0.00027250,1,'2020-07-02 21:31:52'),(22956,9004,'BTC/ARS',1057099.00000000,0.00189268,1,'2020-07-02 21:31:52'),(22957,9004,'BTC/ARS',1057096.99000000,0.02837961,1,'2020-07-02 21:31:52'),(22959,9004,'BTC/ARS',1055000.00000000,0.00207681,1,'2020-07-02 21:31:52'),(22960,9004,'BTC/ARS',1054056.95000000,0.01049110,1,'2020-07-02 21:31:52'),(22961,9004,'BTC/ARS',1053056.83000000,0.01070795,1,'2020-07-02 21:31:52'),(22962,9004,'BTC/ARS',1050375.47000000,0.01196648,1,'2020-07-02 21:31:52'),(22963,9004,'BTC/ARS',1050374.47000000,0.00041568,1,'2020-07-02 21:31:52'),(22964,9004,'BTC/ARS',1050374.45000000,0.01332858,1,'2020-07-02 21:31:52'),(22965,9004,'BTC/ARS',1050113.29000000,0.00285683,1,'2020-07-02 21:31:52'),(22966,9004,'BTC/ARS',1050113.18000000,0.00752043,1,'2020-07-02 21:31:52'),(22967,9004,'BTC/ARS',1050096.44000000,0.00545144,1,'2020-07-02 21:31:52'),(22968,9004,'BTC/ARS',1050056.79000000,0.00526245,1,'2020-07-02 21:31:52'),(22969,9004,'BTC/ARS',1048000.14000000,0.00931253,1,'2020-07-02 21:31:52'),(22970,9004,'BTC/ARS',1047000.38000000,0.00228933,1,'2020-07-02 21:31:52'),(22972,9004,'BTC/ARS',1045374.47000000,0.01029251,1,'2020-07-02 21:31:52'),(22973,9004,'BTC/ARS',1041198.04000000,0.06235240,1,'2020-07-02 21:31:52'),(22974,9004,'BTC/ARS',1040988.86000000,0.00192125,1,'2020-07-02 21:31:52'),(22975,9004,'BTC/ARS',1040200.99000000,0.00909409,1,'2020-07-02 21:31:52'),(22976,9004,'BTC/ARS',1040010.00000000,0.02707895,1,'2020-07-02 21:31:52'),(22977,9004,'BTC/ARS',1040000.53000000,0.00961537,1,'2020-07-02 21:31:52'),(22978,9004,'BTC/ARS',1040000.13000000,0.02191009,1,'2020-07-02 21:31:52'),(22979,9004,'BTC/ARS',1040000.00000000,0.02230283,1,'2020-07-02 21:31:52'),(22980,9004,'BTC/ARS',1035555.79000000,0.02824653,1,'2020-07-02 21:31:52'),(22981,9004,'BTC/ARS',1035555.73000000,0.01254842,1,'2020-07-02 21:31:52'),(22982,9004,'BTC/ARS',1032356.00000000,0.12260000,1,'2020-07-02 21:31:52'),(22983,9004,'BTC/ARS',1032355.99000000,0.00916318,1,'2020-07-02 21:31:52'),(22984,9004,'BTC/ARS',1030374.46000000,0.02183655,1,'2020-07-02 21:31:52'),(22985,9004,'BTC/ARS',1030097.41000000,0.00485390,1,'2020-07-02 21:31:52'),(22986,9004,'BTC/ARS',1030056.78000000,0.00194164,1,'2020-07-02 21:31:52'),(22987,9004,'BTC/ARS',1030030.75000000,0.00097084,1,'2020-07-02 21:31:52'),(22988,9004,'BTC/ARS',1030000.42000000,0.00056660,1,'2020-07-02 21:31:52'),(22989,9004,'BTC/ARS',1030000.01000000,0.00097087,1,'2020-07-02 21:31:52'),(22990,9004,'BTC/ARS',1027200.01000000,0.00170368,1,'2020-07-02 21:31:52'),(22991,9004,'BTC/ARS',1026971.00000000,0.00022500,1,'2020-07-02 21:31:52'),(22992,9004,'BTC/ARS',1025001.22000000,0.00975608,1,'2020-07-02 21:31:52'),(22993,9004,'BTC/ARS',1025000.00000000,0.00111613,1,'2020-07-02 21:31:52'),(23007,9004,'BTC/ARS',1074857.69000000,0.02323643,2,'2020-07-02 21:31:52'),(23008,9004,'BTC/ARS',1074869.46000000,0.01458809,2,'2020-07-02 21:31:52'),(23009,9004,'BTC/ARS',1074889.76000000,0.06970928,2,'2020-07-02 21:31:52'),(23010,9004,'BTC/ARS',1074930.77000000,0.01009479,2,'2020-07-02 21:31:52'),(23011,9004,'BTC/ARS',1075082.22000000,0.00093016,2,'2020-07-02 21:31:52'),(23012,9004,'BTC/ARS',1075338.25000000,0.07043307,2,'2020-07-02 21:31:52'),(23013,9004,'BTC/ARS',1075341.50000000,0.12412021,2,'2020-07-02 21:31:52'),(23014,9004,'BTC/ARS',1075682.68000000,0.00374747,2,'2020-07-02 21:31:52'),(23015,9004,'BTC/ARS',1075683.01000000,0.12427273,2,'2020-07-02 21:31:52'),(23016,9004,'BTC/ARS',1075683.10000000,0.00272038,2,'2020-07-02 21:31:52'),(23017,9004,'BTC/ARS',1075977.47000000,0.02478269,2,'2020-07-02 21:31:52'),(23018,9004,'BTC/ARS',1075977.69000000,0.01084566,2,'2020-07-02 21:31:52'),(23019,9004,'BTC/ARS',1075990.86000000,0.00374747,2,'2020-07-02 21:31:52'),(23020,9004,'BTC/ARS',1075998.99000000,0.00521332,2,'2020-07-02 21:31:52'),(23021,9004,'BTC/ARS',1075999.00000000,0.00776823,2,'2020-07-02 21:31:52'),(23022,9004,'BTC/ARS',1076000.00000000,0.00027000,2,'2020-07-02 21:31:52'),(23023,9004,'BTC/ARS',1076404.82000000,0.01695657,2,'2020-07-02 21:31:52'),(23025,9004,'BTC/ARS',1076526.45000000,0.02651130,2,'2020-07-02 21:31:52'),(23026,9004,'BTC/ARS',1076526.53000000,0.02609301,2,'2020-07-02 21:31:52'),(23028,9004,'BTC/ARS',1077001.85000000,2.95416184,2,'2020-07-02 21:31:52'),(23032,9004,'BTC/ARS',1077700.07000000,0.02068279,2,'2020-07-02 21:31:52'),(23034,9004,'BTC/ARS',1077767.49000000,0.00045791,2,'2020-07-02 21:31:52'),(23041,9004,'BTC/ARS',1079374.29000000,0.00144749,2,'2020-07-02 21:31:52'),(23042,9004,'BTC/ARS',1079979.18000000,0.01426227,2,'2020-07-02 21:31:52'),(23043,9004,'BTC/ARS',1080029.16000000,0.03923171,2,'2020-07-02 21:31:52'),(23044,9004,'ETH/BTC',0.02485213,0.29191812,1,'2020-07-02 21:31:53'),(23045,9004,'ETH/BTC',0.02485212,8.88184796,1,'2020-07-02 21:31:53'),(23046,9004,'ETH/BTC',0.02480732,3.00655312,1,'2020-07-02 21:31:53'),(23047,9004,'ETH/BTC',0.02474902,2.09270000,1,'2020-07-02 21:31:53'),(23048,9004,'ETH/BTC',0.02474901,1.11000000,1,'2020-07-02 21:31:53'),(23049,9004,'ETH/BTC',0.02474900,0.75000000,1,'2020-07-02 21:31:53'),(23050,9004,'ETH/BTC',0.02472651,0.00415222,1,'2020-07-02 21:31:53'),(23051,9004,'ETH/BTC',0.02472350,0.00291220,1,'2020-07-02 21:31:53'),(23052,9004,'ETH/BTC',0.02466923,5.76000000,1,'2020-07-02 21:31:53'),(23053,9004,'ETH/BTC',0.02466922,0.00291861,1,'2020-07-02 21:31:53'),(23054,9004,'ETH/BTC',0.02466600,0.00404564,1,'2020-07-02 21:31:53'),(23055,9004,'ETH/BTC',0.02466457,0.02571501,1,'2020-07-02 21:31:53'),(23056,9004,'ETH/BTC',0.02466219,0.00278237,1,'2020-07-02 21:31:53'),(23057,9004,'ETH/BTC',0.02462804,0.00292349,1,'2020-07-02 21:31:53'),(23058,9004,'ETH/BTC',0.02460708,0.00292598,1,'2020-07-02 21:31:53'),(23059,9004,'ETH/BTC',0.02459000,0.00253152,1,'2020-07-02 21:31:53'),(23060,9004,'ETH/BTC',0.02458700,0.80220441,1,'2020-07-02 21:31:53'),(23061,9004,'ETH/BTC',0.02458659,0.00558393,1,'2020-07-02 21:31:53'),(23062,9004,'ETH/BTC',0.02456000,0.05374223,1,'2020-07-02 21:31:53'),(23063,9004,'ETH/BTC',0.02454915,5.59000000,1,'2020-07-02 21:31:53'),(23064,9004,'ETH/BTC',0.02450000,0.12244898,1,'2020-07-02 21:31:53'),(23065,9004,'ETH/BTC',0.02442428,0.00373454,1,'2020-07-02 21:31:53'),(23066,9004,'ETH/BTC',0.02440989,0.00294962,1,'2020-07-02 21:31:53'),(23067,9004,'ETH/BTC',0.02439370,0.00305877,1,'2020-07-02 21:31:53'),(23068,9004,'ETH/BTC',0.02438651,0.87554144,1,'2020-07-02 21:31:53'),(23069,9004,'ETH/BTC',0.02437921,0.00513081,1,'2020-07-02 21:31:53'),(23070,9004,'ETH/BTC',0.02437749,0.00307418,1,'2020-07-02 21:31:53'),(23071,9004,'ETH/BTC',0.02434962,0.00683899,1,'2020-07-02 21:31:53'),(23072,9004,'ETH/BTC',0.02430500,0.05375599,1,'2020-07-02 21:31:53'),(23073,9004,'ETH/BTC',0.02430000,5.02276173,1,'2020-07-02 21:31:53'),(23074,9004,'ETH/BTC',0.02420577,3.33000000,1,'2020-07-02 21:31:53'),(23075,9004,'ETH/BTC',0.02419592,1.03245713,1,'2020-07-02 21:31:53'),(23076,9004,'ETH/BTC',0.02411426,0.31152752,1,'2020-07-02 21:31:53'),(23077,9004,'ETH/BTC',0.02410033,0.29779343,1,'2020-07-02 21:31:53'),(23078,9004,'ETH/BTC',0.02405000,0.05261106,1,'2020-07-02 21:31:53'),(23079,9004,'ETH/BTC',0.02400000,0.04791667,1,'2020-07-02 21:31:53'),(23080,9004,'ETH/BTC',0.02397288,3.47000000,1,'2020-07-02 21:31:53'),(23081,9004,'ETH/BTC',0.02393676,0.00250661,1,'2020-07-02 21:31:53'),(23082,9004,'ETH/BTC',0.02393562,0.00579054,1,'2020-07-02 21:31:53'),(23083,9004,'ETH/BTC',0.02390732,0.03696984,1,'2020-07-02 21:31:53'),(23084,9004,'ETH/BTC',0.02379500,0.05261106,1,'2020-07-02 21:31:53'),(23085,9004,'ETH/BTC',0.02360000,3.00000000,1,'2020-07-02 21:31:53'),(23086,9004,'ETH/BTC',0.02354000,0.05261106,1,'2020-07-02 21:31:53'),(23087,9004,'ETH/BTC',0.02350279,2.25000000,1,'2020-07-02 21:31:53'),(23088,9004,'ETH/BTC',0.02328500,0.05261106,1,'2020-07-02 21:31:53'),(23089,9004,'ETH/BTC',0.02311804,0.00440738,1,'2020-07-02 21:31:53'),(23090,9004,'ETH/BTC',0.02309707,2.24000000,1,'2020-07-02 21:31:53'),(23091,9004,'ETH/BTC',0.02308091,0.00567351,1,'2020-07-02 21:31:53'),(23092,9004,'ETH/BTC',0.02303000,0.05261106,1,'2020-07-02 21:31:53'),(23093,9004,'ETH/BTC',0.02300000,0.12016217,1,'2020-07-02 21:31:53'),(23094,9004,'ETH/BTC',0.02486000,0.01554444,2,'2020-07-02 21:31:53'),(23095,9004,'ETH/BTC',0.02488194,10.00000000,2,'2020-07-02 21:31:53'),(23096,9004,'ETH/BTC',0.02492742,2.92210758,2,'2020-07-02 21:31:53'),(23099,9004,'ETH/BTC',0.02502523,0.00419586,2,'2020-07-02 21:31:53'),(23100,9004,'ETH/BTC',0.02504999,5.76000000,2,'2020-07-02 21:31:53'),(23101,9004,'ETH/BTC',0.02505000,2.00000000,2,'2020-07-02 21:31:53'),(23102,9004,'ETH/BTC',0.02505987,0.10501174,2,'2020-07-02 21:31:53'),(23103,9004,'ETH/BTC',0.02513558,5.76261896,2,'2020-07-02 21:31:53'),(23104,9004,'ETH/BTC',0.02513658,10.00000000,2,'2020-07-02 21:31:53'),(23105,9004,'ETH/BTC',0.02515972,0.01346824,2,'2020-07-02 21:31:53'),(23106,9004,'ETH/BTC',0.02516039,0.04109713,2,'2020-07-02 21:31:53'),(23107,9004,'ETH/BTC',0.02516950,4.00000000,2,'2020-07-02 21:31:53'),(23108,9004,'ETH/BTC',0.02517850,7.20000000,2,'2020-07-02 21:31:53'),(23109,9004,'ETH/BTC',0.02518405,5.00000000,2,'2020-07-02 21:31:53'),(23110,9004,'ETH/BTC',0.02518821,9.00000000,2,'2020-07-02 21:31:53'),(23111,9004,'ETH/BTC',0.02519615,4.80029012,2,'2020-07-02 21:31:53'),(23112,9004,'ETH/BTC',0.02519990,0.05318457,2,'2020-07-02 21:31:53'),(23113,9004,'ETH/BTC',0.02528000,0.03975915,2,'2020-07-02 21:31:53'),(23114,9004,'ETH/BTC',0.02528919,5.59000000,2,'2020-07-02 21:31:53'),(23115,9004,'ETH/BTC',0.02530000,1.11700401,2,'2020-07-02 21:31:53'),(23116,9004,'ETH/BTC',0.02531661,0.00407372,2,'2020-07-02 21:31:53'),(23117,9004,'ETH/BTC',0.02534000,0.09999495,2,'2020-07-02 21:31:53'),(23118,9004,'ETH/BTC',0.02535000,4.09409093,2,'2020-07-02 21:31:53'),(23119,9004,'ETH/BTC',0.02537000,0.10776277,2,'2020-07-02 21:31:53'),(23120,9004,'ETH/BTC',0.02551970,5.06800183,2,'2020-07-02 21:31:53'),(23121,9004,'ETH/BTC',0.02556924,0.21992530,2,'2020-07-02 21:31:53'),(23122,9004,'ETH/BTC',0.02560617,3.33000000,2,'2020-07-02 21:31:53'),(23123,9004,'ETH/BTC',0.02562500,0.10773711,2,'2020-07-02 21:31:53'),(23125,9004,'ETH/BTC',0.02570807,8.00000000,2,'2020-07-02 21:31:53'),(23126,9004,'ETH/BTC',0.02575000,1.00000000,2,'2020-07-02 21:31:53'),(23127,9004,'ETH/BTC',0.02577000,0.00716070,2,'2020-07-02 21:31:53'),(23128,9004,'ETH/BTC',0.02583096,0.00281562,2,'2020-07-02 21:31:53'),(23129,9004,'ETH/BTC',0.02585000,0.01864307,2,'2020-07-02 21:31:53'),(23130,9004,'ETH/BTC',0.02588000,0.10554597,2,'2020-07-02 21:31:53'),(23131,9004,'ETH/BTC',0.02590000,3.27736116,2,'2020-07-02 21:31:53'),(23132,9004,'ETH/BTC',0.02595000,0.05087927,2,'2020-07-02 21:31:53'),(23133,9004,'ETH/BTC',0.02596840,0.00976704,2,'2020-07-02 21:31:53'),(23134,9004,'ETH/BTC',0.02597711,0.43000000,2,'2020-07-02 21:31:53'),(23135,9004,'ETH/BTC',0.02600000,3.02667382,2,'2020-07-02 21:31:53'),(23136,9004,'ETH/BTC',0.02610000,0.47000000,2,'2020-07-02 21:31:53'),(23137,9004,'ETH/BTC',0.02613500,0.10554597,2,'2020-07-02 21:31:53'),(23138,9004,'ETH/BTC',0.02625000,0.10000000,2,'2020-07-02 21:31:53'),(23139,9004,'ETH/BTC',0.02630000,0.05000000,2,'2020-07-02 21:31:53'),(23140,9004,'ETH/BTC',0.02632800,0.05000000,2,'2020-07-02 21:31:53'),(23141,9004,'ETH/BTC',0.02639000,0.10554597,2,'2020-07-02 21:31:53'),(23142,9004,'ETH/BTC',0.02648909,0.00047900,2,'2020-07-02 21:31:53'),(23143,9004,'ETH/BTC',0.02649005,0.00047300,2,'2020-07-02 21:31:53'),(23144,9004,'XRP/BTC',0.00001924,340.58523900,1,'2020-07-02 21:31:54'),(23145,9004,'XRP/BTC',0.00001922,20000.00000000,1,'2020-07-02 21:31:54'),(23146,9004,'XRP/BTC',0.00001909,4149.47750000,1,'2020-07-02 21:31:54'),(23147,9004,'XRP/BTC',0.00001908,17091.00000000,1,'2020-07-02 21:31:54'),(23148,9004,'XRP/BTC',0.00001907,25.11588800,1,'2020-07-02 21:31:54'),(23149,9004,'XRP/BTC',0.00001904,1009.74527400,1,'2020-07-02 21:31:54'),(23150,9004,'XRP/BTC',0.00001900,46.91421100,1,'2020-07-02 21:31:54'),(23151,9004,'XRP/BTC',0.00001891,14772.00000000,1,'2020-07-02 21:31:54'),(23152,9004,'XRP/BTC',0.00001890,195.43968300,1,'2020-07-02 21:31:54'),(23153,9004,'XRP/BTC',0.00001884,27.01804670,1,'2020-07-02 21:31:54'),(23154,9004,'XRP/BTC',0.00001880,54.41728363,1,'2020-07-02 21:31:54'),(23155,9004,'XRP/BTC',0.00001875,12.04106666,1,'2020-07-02 21:31:54'),(23156,9004,'XRP/BTC',0.00001873,22.14068350,1,'2020-07-02 21:31:54'),(23157,9004,'XRP/BTC',0.00001870,11.87754010,1,'2020-07-02 21:31:54'),(23159,9004,'XRP/BTC',0.00001858,8775.00000000,1,'2020-07-02 21:31:54'),(23160,9004,'XRP/BTC',0.00001855,6.85957413,1,'2020-07-02 21:31:54'),(23161,9004,'XRP/BTC',0.00001853,8659.00000000,1,'2020-07-02 21:31:54'),(23162,9004,'XRP/BTC',0.00001850,10.00000000,1,'2020-07-02 21:31:54'),(23163,9004,'XRP/BTC',0.00001838,6.85957413,1,'2020-07-02 21:31:54'),(23164,9004,'XRP/BTC',0.00001822,103.96468933,1,'2020-07-02 21:31:54'),(23165,9004,'XRP/BTC',0.00001820,5833.85957413,1,'2020-07-02 21:31:54'),(23166,9004,'XRP/BTC',0.00001815,92.75976812,1,'2020-07-02 21:31:54'),(23167,9004,'XRP/BTC',0.00001813,400.00000000,1,'2020-07-02 21:31:54'),(23168,9004,'XRP/BTC',0.00001803,7.19270073,1,'2020-07-02 21:31:54'),(23169,9004,'XRP/BTC',0.00001802,6.85957413,1,'2020-07-02 21:31:54'),(23170,9004,'XRP/BTC',0.00001800,220.00000000,1,'2020-07-02 21:31:54'),(23171,9004,'XRP/BTC',0.00001798,5761.00000000,1,'2020-07-02 21:31:54'),(23172,9004,'XRP/BTC',0.00001785,6.85957413,1,'2020-07-02 21:31:54'),(23173,9004,'XRP/BTC',0.00001767,6.85957413,1,'2020-07-02 21:31:54'),(23174,9004,'XRP/BTC',0.00001765,39.56285193,1,'2020-07-02 21:31:54'),(23175,9004,'XRP/BTC',0.00001761,2883.00000000,1,'2020-07-02 21:31:54'),(23176,9004,'XRP/BTC',0.00001758,7.07242282,1,'2020-07-02 21:31:54'),(23177,9004,'XRP/BTC',0.00001750,10.00000000,1,'2020-07-02 21:31:54'),(23178,9004,'XRP/BTC',0.00001749,6.85957413,1,'2020-07-02 21:31:54'),(23179,9004,'XRP/BTC',0.00001732,6.85957413,1,'2020-07-02 21:31:54'),(23180,9004,'XRP/BTC',0.00001729,30.65355600,1,'2020-07-02 21:31:54'),(23181,9004,'XRP/BTC',0.00001726,7.19270073,1,'2020-07-02 21:31:54'),(23182,9004,'XRP/BTC',0.00001717,2949.00000000,1,'2020-07-02 21:31:54'),(23183,9004,'XRP/BTC',0.00001714,6.85957413,1,'2020-07-02 21:31:54'),(23184,9004,'XRP/BTC',0.00001707,20.93031804,1,'2020-07-02 21:31:54'),(23185,9004,'XRP/BTC',0.00001705,100.00000000,1,'2020-07-02 21:31:54'),(23186,9004,'XRP/BTC',0.00001700,75.00000000,1,'2020-07-02 21:31:54'),(23187,9004,'XRP/BTC',0.00001696,6.85957413,1,'2020-07-02 21:31:54'),(23188,9004,'XRP/BTC',0.00001690,3.85325442,1,'2020-07-02 21:31:54'),(23189,9004,'XRP/BTC',0.00001679,6.85957413,1,'2020-07-02 21:31:54'),(23190,9004,'XRP/BTC',0.00001661,6.85957413,1,'2020-07-02 21:31:54'),(23191,9004,'XRP/BTC',0.00001650,10.00000000,1,'2020-07-02 21:31:54'),(23192,9004,'XRP/BTC',0.00001649,95.16730633,1,'2020-07-02 21:31:54'),(23193,9004,'XRP/BTC',0.00001643,59.03058274,1,'2020-07-02 21:31:54'),(23194,9004,'XRP/BTC',0.00001925,2895.00000000,2,'2020-07-02 21:31:54'),(23195,9004,'XRP/BTC',0.00001926,20000.00000000,2,'2020-07-02 21:31:54'),(23196,9004,'XRP/BTC',0.00001930,10283.55163174,2,'2020-07-02 21:31:54'),(23197,9004,'XRP/BTC',0.00001934,14196.00000000,2,'2020-07-02 21:31:54'),(23198,9004,'XRP/BTC',0.00001935,324.56346700,2,'2020-07-02 21:31:54'),(23199,9004,'XRP/BTC',0.00001945,458.77464928,2,'2020-07-02 21:31:54'),(23200,9004,'XRP/BTC',0.00001949,14772.00000000,2,'2020-07-02 21:31:54'),(23201,9004,'XRP/BTC',0.00001952,1000.00000000,2,'2020-07-02 21:31:54'),(23202,9004,'XRP/BTC',0.00001955,7230.97781800,2,'2020-07-02 21:31:54'),(23203,9004,'XRP/BTC',0.00001973,8775.00000000,2,'2020-07-02 21:31:54'),(23204,9004,'XRP/BTC',0.00001975,3120.01998700,2,'2020-07-02 21:31:54'),(23205,9004,'XRP/BTC',0.00001979,4.75392400,2,'2020-07-02 21:31:54'),(23208,9004,'XRP/BTC',0.00001988,8659.00000000,2,'2020-07-02 21:31:54'),(23209,9004,'XRP/BTC',0.00001993,22.93627600,2,'2020-07-02 21:31:54'),(23210,9004,'XRP/BTC',0.00001998,10.54213753,2,'2020-07-02 21:31:54'),(23211,9004,'XRP/BTC',0.00001999,414.18308800,2,'2020-07-02 21:31:54'),(23212,9004,'XRP/BTC',0.00002000,26.66936900,2,'2020-07-02 21:31:54'),(23213,9004,'XRP/BTC',0.00002007,3.79279279,2,'2020-07-02 21:31:54'),(23214,9004,'XRP/BTC',0.00002010,239.00000000,2,'2020-07-02 21:31:54'),(23215,9004,'XRP/BTC',0.00002011,35.68881800,2,'2020-07-02 21:31:54'),(23216,9004,'XRP/BTC',0.00002012,29.97525000,2,'2020-07-02 21:31:54'),(23217,9004,'XRP/BTC',0.00002015,26.21706600,2,'2020-07-02 21:31:54'),(23218,9004,'XRP/BTC',0.00002020,385.14107563,2,'2020-07-02 21:31:54'),(23219,9004,'XRP/BTC',0.00002021,92.39877100,2,'2020-07-02 21:31:54'),(23220,9004,'XRP/BTC',0.00002022,3.34219682,2,'2020-07-02 21:31:54'),(23221,9004,'XRP/BTC',0.00002023,7.11402015,2,'2020-07-02 21:31:54'),(23222,9004,'XRP/BTC',0.00002024,10.45162460,2,'2020-07-02 21:31:54'),(23223,9004,'XRP/BTC',0.00002025,10.30647974,2,'2020-07-02 21:31:54'),(23224,9004,'XRP/BTC',0.00002027,21.51999231,2,'2020-07-02 21:31:54'),(23225,9004,'XRP/BTC',0.00002030,650.00000000,2,'2020-07-02 21:31:54'),(23226,9004,'XRP/BTC',0.00002034,110.00000000,2,'2020-07-02 21:31:54'),(23227,9004,'XRP/BTC',0.00002042,15.50101417,2,'2020-07-02 21:31:54'),(23228,9004,'XRP/BTC',0.00002050,200.85427200,2,'2020-07-02 21:31:54'),(23229,9004,'XRP/BTC',0.00002056,29.97750000,2,'2020-07-02 21:31:54'),(23230,9004,'XRP/BTC',0.00002060,147.40767400,2,'2020-07-02 21:31:54'),(23231,9004,'XRP/BTC',0.00002064,2883.00000000,2,'2020-07-02 21:31:54'),(23232,9004,'XRP/BTC',0.00002066,3.25430000,2,'2020-07-02 21:31:54'),(23233,9004,'XRP/BTC',0.00002070,195.45232400,2,'2020-07-02 21:31:54'),(23234,9004,'XRP/BTC',0.00002075,21.29953900,2,'2020-07-02 21:31:54'),(23235,9004,'XRP/BTC',0.00002083,3.39464600,2,'2020-07-02 21:31:54'),(23236,9004,'XRP/BTC',0.00002090,1839.65395900,2,'2020-07-02 21:31:54'),(23237,9004,'XRP/BTC',0.00002091,442.40178000,2,'2020-07-02 21:31:54'),(23238,9004,'XRP/BTC',0.00002096,771.83600000,2,'2020-07-02 21:31:54'),(23239,9004,'XRP/BTC',0.00002100,1315.55946398,2,'2020-07-02 21:31:54'),(23240,9004,'XRP/BTC',0.00002101,20.00000000,2,'2020-07-02 21:31:54'),(23241,9004,'XRP/BTC',0.00002112,9.01716777,2,'2020-07-02 21:31:54'),(23242,9004,'XRP/BTC',0.00002115,999.02500000,2,'2020-07-02 21:31:54'),(23243,9004,'XRP/BTC',0.00002129,282.26652700,2,'2020-07-02 21:31:54'),(23244,9000,'BTC/ARS',1071000.00000000,0.00940000,1,'2020-07-02 21:32:05'),(23245,9000,'BTC/ARS',1070000.01000000,0.00300000,1,'2020-07-02 21:32:05'),(23246,9000,'BTC/ARS',1066000.00000000,0.00380000,1,'2020-07-02 21:32:05'),(23247,9000,'BTC/ARS',1065000.00000000,0.02770000,1,'2020-07-02 21:32:05'),(23248,9000,'BTC/ARS',1060000.00000000,0.00500000,1,'2020-07-02 21:32:05'),(23249,9000,'BTC/ARS',1055000.03000000,0.00570000,1,'2020-07-02 21:32:05'),(23250,9000,'BTC/ARS',1055000.00000000,0.03790000,1,'2020-07-02 21:32:05'),(23251,9000,'BTC/ARS',1050100.00000000,0.00230000,1,'2020-07-02 21:32:05'),(23252,9000,'BTC/ARS',1050000.00000000,0.00470000,1,'2020-07-02 21:32:05'),(23253,9000,'BTC/ARS',1046000.00000000,0.14340000,1,'2020-07-02 21:32:05'),(23254,9000,'BTC/ARS',1045000.00000000,0.00130000,1,'2020-07-02 21:32:05'),(23255,9000,'BTC/ARS',1040005.00000000,0.01150000,1,'2020-07-02 21:32:05'),(23256,9000,'BTC/ARS',1040001.00000000,0.00580000,1,'2020-07-02 21:32:05'),(23257,9000,'BTC/ARS',1040000.00000000,0.05670000,1,'2020-07-02 21:32:05'),(23258,9000,'BTC/ARS',1020025.00000000,0.00500000,1,'2020-07-02 21:32:05'),(23259,9000,'BTC/ARS',1020001.00000000,0.01000000,1,'2020-07-02 21:32:05'),(23260,9000,'BTC/ARS',1020000.00000000,0.00230000,1,'2020-07-02 21:32:05'),(23261,9000,'BTC/ARS',1000500.02000000,0.01000000,1,'2020-07-02 21:32:05'),(23262,9000,'BTC/ARS',1000500.00000000,0.00250000,1,'2020-07-02 21:32:05'),(23263,9000,'BTC/ARS',1000102.00000000,0.00300000,1,'2020-07-02 21:32:05'),(23264,9000,'BTC/ARS',1000001.00000000,0.03500000,1,'2020-07-02 21:32:05'),(23265,9000,'BTC/ARS',1000000.00000000,0.01770000,1,'2020-07-02 21:32:05'),(23266,9000,'BTC/ARS',995311.00000000,0.00310000,1,'2020-07-02 21:32:05'),(23267,9000,'BTC/ARS',986191.00000000,0.01010000,1,'2020-07-02 21:32:05'),(23268,9000,'BTC/ARS',950000.00000000,0.00260000,1,'2020-07-02 21:32:05'),(23269,9000,'BTC/ARS',920000.00000000,0.00530000,1,'2020-07-02 21:32:05'),(23270,9000,'BTC/ARS',910000.00000000,0.02000000,1,'2020-07-02 21:32:05'),(23271,9000,'BTC/ARS',900020.00000000,0.00200000,1,'2020-07-02 21:32:05'),(23272,9000,'BTC/ARS',900000.00000000,0.00530000,1,'2020-07-02 21:32:05'),(23273,9000,'BTC/ARS',885000.00000000,0.10930000,1,'2020-07-02 21:32:05'),(23274,9000,'BTC/ARS',875000.00000000,0.01000000,1,'2020-07-02 21:32:05'),(23275,9000,'BTC/ARS',850340.47000000,0.04320000,1,'2020-07-02 21:32:05'),(23276,9000,'BTC/ARS',500000.00000000,0.00250000,1,'2020-07-02 21:32:05'),(23277,9000,'BTC/ARS',459000.00000000,0.02170000,1,'2020-07-02 21:32:05'),(23278,9000,'BTC/ARS',1075000.00000000,0.00800000,2,'2020-07-02 21:32:05'),(23279,9000,'BTC/ARS',1077238.97000000,0.00100000,2,'2020-07-02 21:32:05'),(23280,9000,'BTC/ARS',1077238.98000000,0.01490000,2,'2020-07-02 21:32:05'),(23281,9000,'BTC/ARS',1077238.99000000,0.01930000,2,'2020-07-02 21:32:05'),(23282,9000,'BTC/ARS',1077239.00000000,0.01880000,2,'2020-07-02 21:32:05'),(23283,9000,'BTC/ARS',1077250.00000000,0.00230000,2,'2020-07-02 21:32:05'),(23284,9000,'BTC/ARS',1077299.99000000,0.00100000,2,'2020-07-02 21:32:05'),(23285,9000,'BTC/ARS',1078800.00000000,0.00100000,2,'2020-07-02 21:32:05'),(23286,9000,'BTC/ARS',1081000.00000000,0.00800000,2,'2020-07-02 21:32:05'),(23287,9000,'BTC/ARS',1085000.00000000,0.01500000,2,'2020-07-02 21:32:05'),(23288,9000,'BTC/ARS',1090000.00000000,0.05190000,2,'2020-07-02 21:32:05'),(23289,9000,'BTC/ARS',1095000.00000000,0.02300000,2,'2020-07-02 21:32:05'),(23290,9000,'BTC/ARS',1099999.00000000,0.04650000,2,'2020-07-02 21:32:05'),(23291,9000,'BTC/ARS',1100000.00000000,0.03380000,2,'2020-07-02 21:32:05'),(23292,9000,'BTC/ARS',1109988.00000000,0.00920000,2,'2020-07-02 21:32:05'),(23293,9000,'BTC/ARS',1118250.00000000,0.00090000,2,'2020-07-02 21:32:05'),(23294,9000,'BTC/ARS',1128000.00000000,0.00800000,2,'2020-07-02 21:32:05'),(23295,9000,'BTC/ARS',1130000.00000000,0.05350000,2,'2020-07-02 21:32:05'),(23296,9000,'BTC/ARS',1138999.00000000,0.00790000,2,'2020-07-02 21:32:05'),(23297,9000,'BTC/ARS',1140000.00000000,0.00560000,2,'2020-07-02 21:32:05'),(23298,9000,'BTC/ARS',1145000.00000000,0.01810000,2,'2020-07-02 21:32:05'),(23299,9000,'BTC/ARS',1149999.00000000,0.00740000,2,'2020-07-02 21:32:05'),(23300,9000,'BTC/ARS',1150000.00000000,0.00500000,2,'2020-07-02 21:32:05'),(23301,9000,'BTC/ARS',1155000.00000000,0.00500000,2,'2020-07-02 21:32:05'),(23302,9000,'BTC/ARS',1160000.00000000,0.00500000,2,'2020-07-02 21:32:05'),(23303,9000,'BTC/ARS',1165000.00000000,0.03130000,2,'2020-07-02 21:32:05'),(23304,9000,'BTC/ARS',1170000.00000000,0.03140000,2,'2020-07-02 21:32:05'),(23305,9000,'BTC/ARS',1171000.00000000,0.04980000,2,'2020-07-02 21:32:05'),(23306,9000,'BTC/ARS',1171111.11000000,0.00290000,2,'2020-07-02 21:32:05'),(23307,9000,'BTC/ARS',1178999.00000000,0.00210000,2,'2020-07-02 21:32:05'),(23308,9000,'BTC/ARS',1179500.00000000,0.01450000,2,'2020-07-02 21:32:05'),(23309,9000,'BTC/ARS',1179998.00000000,0.01000000,2,'2020-07-02 21:32:05'),(23310,9000,'BTC/ARS',1180000.00000000,0.09130000,2,'2020-07-02 21:32:05'),(23311,9000,'BTC/ARS',1180001.00000000,0.03000000,2,'2020-07-02 21:32:05'),(23312,9000,'BTC/ARS',1180700.00000000,0.02400000,2,'2020-07-02 21:32:05'),(23313,9000,'BTC/ARS',1181000.00000000,0.02790000,2,'2020-07-02 21:32:05'),(23314,9000,'BTC/ARS',1182899.00000000,0.00220000,2,'2020-07-02 21:32:05'),(23315,9000,'BTC/ARS',1184415.62000000,0.01000000,2,'2020-07-02 21:32:05'),(23316,9000,'BTC/ARS',1185120.00000000,0.00230000,2,'2020-07-02 21:32:05'),(23317,9000,'BTC/ARS',1189999.00000000,0.00100000,2,'2020-07-02 21:32:05'),(23318,9000,'BTC/ARS',1190000.00000000,0.09000000,2,'2020-07-02 21:32:05'),(23319,9000,'BTC/ARS',1190600.00000000,0.00630000,2,'2020-07-02 21:32:05'),(23320,9000,'BTC/ARS',1193000.00000000,0.02800000,2,'2020-07-02 21:32:05'),(23321,9000,'BTC/ARS',1196142.51000000,0.05000000,2,'2020-07-02 21:32:05'),(23322,9000,'BTC/ARS',1198300.00000000,0.00170000,2,'2020-07-02 21:32:05'),(23323,9000,'BTC/ARS',1199998.00000000,0.01000000,2,'2020-07-02 21:32:05'),(23324,9000,'BTC/ARS',1199999.99000000,0.00710000,2,'2020-07-02 21:32:05'),(23325,9000,'BTC/ARS',1200000.00000000,0.31050000,2,'2020-07-02 21:32:05'),(23326,9000,'BTC/ARS',1200100.00000000,0.00830000,2,'2020-07-02 21:32:05'),(23327,9000,'BTC/ARS',1207869.40000000,0.10000000,2,'2020-07-02 21:32:05'),(23328,9000,'BTC/ARS',1210000.00000000,0.04540000,2,'2020-07-02 21:32:05'),(23329,9000,'BTC/ARS',1216989.00000000,0.00240000,2,'2020-07-02 21:32:05'),(23330,9000,'BTC/ARS',1219999.00000000,0.02130000,2,'2020-07-02 21:32:05'),(23331,9000,'BTC/ARS',1220000.00000000,0.00840000,2,'2020-07-02 21:32:05'),(23332,9000,'BTC/ARS',1230000.00000000,0.02000000,2,'2020-07-02 21:32:05'),(23333,9000,'BTC/ARS',1235000.00000000,0.02000000,2,'2020-07-02 21:32:05'),(23334,9000,'BTC/ARS',1235200.00000000,0.02000000,2,'2020-07-02 21:32:05'),(23335,9000,'BTC/ARS',1240000.00000000,0.00830000,2,'2020-07-02 21:32:05'),(23336,9000,'BTC/ARS',1246300.00000000,0.01000000,2,'2020-07-02 21:32:05'),(23337,9000,'BTC/ARS',1248500.00000000,0.00160000,2,'2020-07-02 21:32:05'),(23338,9000,'BTC/ARS',1248600.00000000,0.00210000,2,'2020-07-02 21:32:05'),(23339,9000,'BTC/ARS',1248700.00000000,0.00160000,2,'2020-07-02 21:32:05'),(23340,9000,'BTC/ARS',1248800.00000000,0.00160000,2,'2020-07-02 21:32:05'),(23341,9000,'BTC/ARS',1249000.00000000,0.00160000,2,'2020-07-02 21:32:05'),(23342,9000,'BTC/ARS',1250000.00000000,0.02280000,2,'2020-07-02 21:32:05'),(23343,9000,'BTC/ARS',1251000.00000000,0.00920000,2,'2020-07-02 21:32:05'),(23344,9000,'BTC/ARS',1260000.00000000,0.10370000,2,'2020-07-02 21:32:05'),(23345,9000,'BTC/ARS',1272321.85000000,0.00450000,2,'2020-07-02 21:32:05'),(23346,9000,'BTC/ARS',1279999.99000000,0.01140000,2,'2020-07-02 21:32:05'),(23347,9000,'BTC/ARS',1280000.00000000,0.00500000,2,'2020-07-02 21:32:05'),(23348,9000,'BTC/ARS',1289500.00000000,0.02360000,2,'2020-07-02 21:32:05'),(23349,9000,'BTC/ARS',1290000.00000000,0.03030000,2,'2020-07-02 21:32:05'),(23350,9000,'BTC/ARS',1300000.00000000,0.03830000,2,'2020-07-02 21:32:05'),(23351,9000,'BTC/ARS',1310000.00000000,0.05370000,2,'2020-07-02 21:32:05'),(23352,9000,'BTC/ARS',1312000.00000000,0.00650000,2,'2020-07-02 21:32:05'),(23353,9000,'BTC/ARS',1320000.00000000,0.01800000,2,'2020-07-02 21:32:05'),(23354,9000,'BTC/ARS',1350000.00000000,0.00310000,2,'2020-07-02 21:32:05'),(23355,9000,'ETH/ARS',26550.00000000,1.14100000,1,'2020-07-02 21:32:06'),(23356,9000,'ETH/ARS',26501.00000000,0.61150000,1,'2020-07-02 21:32:06'),(23357,9000,'ETH/ARS',26400.01000000,0.11360000,1,'2020-07-02 21:32:06'),(23358,9000,'ETH/ARS',26200.01000000,0.15270000,1,'2020-07-02 21:32:06'),(23359,9000,'ETH/ARS',26200.00000000,0.19080000,1,'2020-07-02 21:32:06'),(23360,9000,'ETH/ARS',25800.00000000,0.05430000,1,'2020-07-02 21:32:06'),(23361,9000,'ETH/ARS',25500.00000000,0.64140000,1,'2020-07-02 21:32:06'),(23362,9000,'ETH/ARS',25025.00000000,0.25000000,1,'2020-07-02 21:32:06'),(23363,9000,'ETH/ARS',25000.00000000,0.50000000,1,'2020-07-02 21:32:06'),(23364,9000,'ETH/ARS',24505.00000000,0.20000000,1,'2020-07-02 21:32:06'),(23365,9000,'ETH/ARS',24500.00000000,0.32300000,1,'2020-07-02 21:32:06'),(23366,9000,'ETH/ARS',23100.00000000,0.30270000,1,'2020-07-02 21:32:06'),(23367,9000,'ETH/ARS',23005.00000000,0.20000000,1,'2020-07-02 21:32:06'),(23368,9000,'ETH/ARS',23000.00000000,0.05000000,1,'2020-07-02 21:32:06'),(23369,9000,'ETH/ARS',22500.00000000,0.10000000,1,'2020-07-02 21:32:06'),(23370,9000,'ETH/ARS',21505.02000000,0.03450000,1,'2020-07-02 21:32:06'),(23371,9000,'ETH/ARS',21000.03000000,0.17600000,1,'2020-07-02 21:32:06'),(23372,9000,'ETH/ARS',21000.02000000,0.05000000,1,'2020-07-02 21:32:06'),(23373,9000,'ETH/ARS',26990.00000000,0.16390000,2,'2020-07-02 21:32:06'),(23374,9000,'ETH/ARS',27100.00000000,0.39350000,2,'2020-07-02 21:32:06'),(23375,9000,'ETH/ARS',27450.00000000,0.25500000,2,'2020-07-02 21:32:06'),(23376,9000,'ETH/ARS',27700.00000000,0.28170000,2,'2020-07-02 21:32:06'),(23377,9000,'ETH/ARS',28999.00000000,0.50000000,2,'2020-07-02 21:32:06'),(23378,9000,'ETH/ARS',29000.00000000,0.35840000,2,'2020-07-02 21:32:06'),(23379,9000,'ETH/ARS',29200.00000000,0.93230000,2,'2020-07-02 21:32:06'),(23380,9000,'ETH/ARS',29499.00000000,0.27750000,2,'2020-07-02 21:32:06'),(23381,9000,'ETH/ARS',29500.00000000,0.78620000,2,'2020-07-02 21:32:06'),(23382,9000,'ETH/ARS',29752.79000000,2.00000000,2,'2020-07-02 21:32:06'),(23383,9000,'ETH/ARS',30290.00000000,0.04950000,2,'2020-07-02 21:32:06'),(23384,9000,'ETH/ARS',30336.18000000,2.25000000,2,'2020-07-02 21:32:06'),(23385,9000,'ETH/ARS',31000.00000000,0.08340000,2,'2020-07-02 21:32:06'),(23386,9000,'ETH/ARS',32105.00000000,0.20000000,2,'2020-07-02 21:32:06'),(23387,9000,'ETH/ARS',32900.00000000,0.50000000,2,'2020-07-02 21:32:06'),(23388,9000,'ETH/ARS',35000.00000000,0.50000000,2,'2020-07-02 21:32:06'),(23389,9000,'USDC/ARS',117.41000000,200.04500000,1,'2020-07-02 21:32:07'),(23390,9000,'USDC/ARS',117.40000000,552.49570000,1,'2020-07-02 21:32:07'),(23391,9000,'USDC/ARS',117.39000000,30.30070000,1,'2020-07-02 21:32:07'),(23392,9000,'USDC/ARS',117.38000000,71.20210000,1,'2020-07-02 21:32:07'),(23393,9000,'USDC/ARS',117.35000000,217.82460000,1,'2020-07-02 21:32:07'),(23394,9000,'USDC/ARS',117.34000000,348.84100000,1,'2020-07-02 21:32:07'),(23395,9000,'USDC/ARS',117.22000000,250.00000000,1,'2020-07-02 21:32:07'),(23396,9000,'USDC/ARS',117.05000000,25.85220000,1,'2020-07-02 21:32:07'),(23397,9000,'USDC/ARS',116.96000000,3542.42890000,1,'2020-07-02 21:32:07'),(23398,9000,'USDC/ARS',116.01000000,86.19950000,1,'2020-07-02 21:32:07'),(23399,9000,'USDC/ARS',116.00000000,206.61730000,1,'2020-07-02 21:32:07'),(23400,9000,'USDC/ARS',114.00000000,10.00000000,1,'2020-07-02 21:32:07'),(23401,9000,'USDC/ARS',113.00000000,10.00000000,1,'2020-07-02 21:32:07'),(23402,9000,'USDC/ARS',112.00000000,420.41960000,1,'2020-07-02 21:32:07'),(23403,9000,'USDC/ARS',111.00000000,10.00000000,1,'2020-07-02 21:32:07'),(23404,9000,'USDC/ARS',110.00000000,524.00000000,1,'2020-07-02 21:32:07'),(23405,9000,'USDC/ARS',105.00000000,557.81050000,1,'2020-07-02 21:32:07'),(23406,9000,'USDC/ARS',104.50000000,478.46890000,1,'2020-07-02 21:32:07'),(23407,9000,'USDC/ARS',104.00000000,528.84610000,1,'2020-07-02 21:32:07'),(23408,9000,'USDC/ARS',103.80000000,481.69560000,1,'2020-07-02 21:32:07'),(23409,9000,'USDC/ARS',103.40000000,483.55900000,1,'2020-07-02 21:32:07'),(23410,9000,'USDC/ARS',103.00000000,485.43690000,1,'2020-07-02 21:32:07'),(23411,9000,'USDC/ARS',102.80000000,486.38130000,1,'2020-07-02 21:32:07'),(23412,9000,'USDC/ARS',117.80000000,201.71000000,2,'2020-07-02 21:32:07'),(23413,9000,'USDC/ARS',118.10000000,1360.00000000,2,'2020-07-02 21:32:07'),(23414,9000,'USDC/ARS',118.50000000,1200.00000000,2,'2020-07-02 21:32:07'),(23415,9000,'USDC/ARS',119.50000000,9.48630000,2,'2020-07-02 21:32:07'),(23416,9000,'USDC/ARS',119.99000000,12.88590000,2,'2020-07-02 21:32:07'),(23417,9000,'USDC/ARS',120.00000000,182.33080000,2,'2020-07-02 21:32:07'),(23418,9000,'USDC/ARS',120.96000000,11.99080000,2,'2020-07-02 21:32:07'),(23419,9000,'USDC/ARS',121.00000000,1863.45060000,2,'2020-07-02 21:32:07'),(23420,9000,'USDC/ARS',121.18000000,128.00000000,2,'2020-07-02 21:32:07'),(23421,9000,'USDC/ARS',121.40000000,22.75410000,2,'2020-07-02 21:32:07'),(23422,9000,'USDC/ARS',121.50000000,9.78680000,2,'2020-07-02 21:32:07'),(23423,9000,'USDC/ARS',121.94000000,23.80410000,2,'2020-07-02 21:32:07'),(23424,9000,'USDC/ARS',121.95000000,600.00000000,2,'2020-07-02 21:32:07'),(23425,9000,'USDC/ARS',122.00000000,720.00000000,2,'2020-07-02 21:32:07'),(23426,9000,'USDC/ARS',122.10000000,530.00000000,2,'2020-07-02 21:32:07'),(23427,9000,'USDC/ARS',122.30000000,24.62880000,2,'2020-07-02 21:32:07'),(23428,9000,'USDC/ARS',122.39000000,1320.00000000,2,'2020-07-02 21:32:07'),(23429,9000,'USDC/ARS',122.50000000,100.04610000,2,'2020-07-02 21:32:07'),(23430,9000,'USDC/ARS',122.93000000,680.00000000,2,'2020-07-02 21:32:07'),(23431,9000,'USDC/ARS',122.95000000,870.00000000,2,'2020-07-02 21:32:07'),(23432,9000,'USDC/ARS',123.00000000,578.32980000,2,'2020-07-02 21:32:07'),(23433,9000,'USDC/ARS',123.37000000,800.00000000,2,'2020-07-02 21:32:07'),(23434,9000,'USDC/ARS',123.40000000,47.44000000,2,'2020-07-02 21:32:07'),(23435,9000,'USDC/ARS',123.50000000,21.00000000,2,'2020-07-02 21:32:07'),(23436,9000,'USDC/ARS',123.68000000,700.00000000,2,'2020-07-02 21:32:07'),(23437,9000,'USDC/ARS',123.70000000,40.45000000,2,'2020-07-02 21:32:07'),(23438,9000,'USDC/ARS',123.78000000,35.57520000,2,'2020-07-02 21:32:07'),(23439,9000,'USDC/ARS',123.84000000,993.50690000,2,'2020-07-02 21:32:07'),(23440,9000,'USDC/ARS',124.00000000,8034.84000000,2,'2020-07-02 21:32:07'),(23441,9000,'USDC/ARS',124.30000000,1284.65080000,2,'2020-07-02 21:32:07'),(23442,9000,'USDC/ARS',124.49000000,100.16060000,2,'2020-07-02 21:32:07'),(23443,9000,'USDC/ARS',124.50000000,2500.00000000,2,'2020-07-02 21:32:07'),(23444,9000,'USDC/ARS',125.00000000,6150.00000000,2,'2020-07-02 21:32:07'),(23445,9000,'USDC/ARS',125.80000000,2409.92680000,2,'2020-07-02 21:32:07'),(23446,9000,'USDC/ARS',126.00000000,2500.00000000,2,'2020-07-02 21:32:07'),(23447,9000,'USDC/ARS',126.60000000,5000.00000000,2,'2020-07-02 21:32:07'),(23448,9000,'USDC/ARS',127.00000000,6988.18900000,2,'2020-07-02 21:32:07'),(23449,9000,'USDC/ARS',127.25000000,2708.00000000,2,'2020-07-02 21:32:07'),(23450,9000,'USDC/ARS',127.50000000,6500.00000000,2,'2020-07-02 21:32:07'),(23451,9000,'USDC/ARS',128.00000000,1500.00000000,2,'2020-07-02 21:32:07'),(23452,9000,'USDC/ARS',130.00000000,383.47260000,2,'2020-07-02 21:32:07'),(23453,9000,'USDC/ARS',130.80000000,5000.00000000,2,'2020-07-02 21:32:07'),(23454,9000,'USDC/ARS',130.90000000,8000.00000000,2,'2020-07-02 21:32:07'),(23455,9000,'USDC/ARS',145.00000000,110.00000000,2,'2020-07-02 21:32:07'),(23456,9000,'USDC/ARS',156.25000000,20.00000000,2,'2020-07-02 21:32:07'),(23457,9000,'BTC/USDC',9097.00000000,0.00131000,1,'2020-07-02 21:32:08'),(23458,9000,'BTC/USDC',9085.00000000,0.02409000,1,'2020-07-02 21:32:08'),(23459,9000,'BTC/USDC',9081.00000000,0.00297000,1,'2020-07-02 21:32:08'),(23460,9000,'BTC/USDC',9080.00000000,0.03634000,1,'2020-07-02 21:32:08'),(23461,9000,'BTC/USDC',9001.02000000,0.00849000,1,'2020-07-02 21:32:08'),(23462,9000,'BTC/USDC',9001.00000000,0.01735000,1,'2020-07-02 21:32:08'),(23463,9000,'BTC/USDC',9000.00000000,0.04690000,1,'2020-07-02 21:32:08'),(23464,9000,'BTC/USDC',8999.00000000,0.04689000,1,'2020-07-02 21:32:08'),(23465,9000,'BTC/USDC',8990.00000000,0.03343000,1,'2020-07-02 21:32:08'),(23466,9000,'BTC/USDC',8925.00000000,0.00500000,1,'2020-07-02 21:32:08'),(23467,9000,'BTC/USDC',8920.00000000,0.11236000,1,'2020-07-02 21:32:08'),(23468,9000,'BTC/USDC',8911.00000000,0.00135000,1,'2020-07-02 21:32:08'),(23469,9000,'BTC/USDC',8910.00000000,0.11223000,1,'2020-07-02 21:32:08'),(23470,9000,'BTC/USDC',8908.83000000,0.10000000,1,'2020-07-02 21:32:08'),(23471,9000,'BTC/USDC',8900.00000000,0.14622000,1,'2020-07-02 21:32:08'),(23472,9000,'BTC/USDC',8890.00000000,0.11249000,1,'2020-07-02 21:32:08'),(23473,9000,'BTC/USDC',8888.00000000,0.01454000,1,'2020-07-02 21:32:08'),(23474,9000,'BTC/USDC',8880.00000000,0.10260000,1,'2020-07-02 21:32:08'),(23475,9000,'BTC/USDC',8817.93000000,0.12500000,1,'2020-07-02 21:32:08'),(23476,9000,'BTC/USDC',8800.00000000,0.01358000,1,'2020-07-02 21:32:08'),(23477,9000,'BTC/USDC',8790.00000000,0.00868000,1,'2020-07-02 21:32:08'),(23478,9000,'BTC/USDC',8750.00000000,0.07676000,1,'2020-07-02 21:32:08'),(23479,9000,'BTC/USDC',8700.00000000,0.14115000,1,'2020-07-02 21:32:08'),(23480,9000,'BTC/USDC',8550.00000000,0.00795000,1,'2020-07-02 21:32:08'),(23481,9000,'BTC/USDC',8500.00000000,0.12288000,1,'2020-07-02 21:32:08'),(23482,9000,'BTC/USDC',8354.00000000,0.01197000,1,'2020-07-02 21:32:08'),(23483,9000,'BTC/USDC',8353.00000000,0.01197000,1,'2020-07-02 21:32:08'),(23484,9000,'BTC/USDC',8318.89000000,0.00572000,1,'2020-07-02 21:32:08'),(23485,9000,'BTC/USDC',8300.00000000,0.00121000,1,'2020-07-02 21:32:08'),(23486,9000,'BTC/USDC',8243.00000000,0.01213000,1,'2020-07-02 21:32:08'),(23487,9000,'BTC/USDC',8152.00000000,0.01227000,1,'2020-07-02 21:32:08'),(23488,9000,'BTC/USDC',8100.00000000,0.00500000,1,'2020-07-02 21:32:08'),(23489,9000,'BTC/USDC',8070.00000000,0.00842000,1,'2020-07-02 21:32:08'),(23490,9000,'BTC/USDC',8000.00000000,0.00125000,1,'2020-07-02 21:32:08'),(23491,9000,'BTC/USDC',7900.00000000,0.01698000,1,'2020-07-02 21:32:08'),(23492,9000,'BTC/USDC',7853.00000000,0.01273000,1,'2020-07-02 21:32:08'),(23493,9000,'BTC/USDC',7750.00000000,0.00142000,1,'2020-07-02 21:32:08'),(23494,9000,'BTC/USDC',7700.00000000,0.02883000,1,'2020-07-02 21:32:08'),(23495,9000,'BTC/USDC',7600.00000000,0.00734000,1,'2020-07-02 21:32:08'),(23496,9000,'BTC/USDC',7500.00000000,0.01296000,1,'2020-07-02 21:32:08'),(23497,9000,'BTC/USDC',7413.07000000,0.00280000,1,'2020-07-02 21:32:08'),(23498,9000,'BTC/USDC',7354.00000000,0.01360000,1,'2020-07-02 21:32:08'),(23499,9000,'BTC/USDC',7200.00000000,0.00694000,1,'2020-07-02 21:32:08'),(23500,9000,'BTC/USDC',7157.00000000,0.01397000,1,'2020-07-02 21:32:08'),(23501,9000,'BTC/USDC',7110.00000000,0.02173000,1,'2020-07-02 21:32:08'),(23502,9000,'BTC/USDC',7100.00000000,0.00150000,1,'2020-07-02 21:32:08'),(23503,9000,'BTC/USDC',7000.00000000,0.01429000,1,'2020-07-02 21:32:08'),(23504,9000,'BTC/USDC',6975.00000000,0.01434000,1,'2020-07-02 21:32:08'),(23505,9000,'BTC/USDC',6800.00000000,0.00441000,1,'2020-07-02 21:32:08'),(23506,9000,'BTC/USDC',6700.00000000,0.00500000,1,'2020-07-02 21:32:08'),(23507,9000,'BTC/USDC',6669.00000000,0.00500000,1,'2020-07-02 21:32:08'),(23508,9000,'BTC/USDC',6600.00000000,0.00385000,1,'2020-07-02 21:32:08'),(23509,9000,'BTC/USDC',6559.00000000,0.00961000,1,'2020-07-02 21:32:08'),(23510,9000,'BTC/USDC',6500.00000000,0.00327000,1,'2020-07-02 21:32:08'),(23511,9000,'BTC/USDC',6200.00000000,0.00321000,1,'2020-07-02 21:32:08'),(23512,9000,'BTC/USDC',6000.00000000,0.00191000,1,'2020-07-02 21:32:08'),(23513,9000,'BTC/USDC',5500.00000000,0.30816000,1,'2020-07-02 21:32:08'),(23514,9000,'BTC/USDC',9190.00000000,0.08866000,2,'2020-07-02 21:32:08'),(23515,9000,'BTC/USDC',9195.00000000,0.00407000,2,'2020-07-02 21:32:08'),(23516,9000,'BTC/USDC',9197.00000000,0.03327000,2,'2020-07-02 21:32:08'),(23517,9000,'BTC/USDC',9250.00000000,0.00274000,2,'2020-07-02 21:32:08'),(23518,9000,'BTC/USDC',9272.71000000,0.10000000,2,'2020-07-02 21:32:08'),(23519,9000,'BTC/USDC',9297.00000000,0.05000000,2,'2020-07-02 21:32:08'),(23520,9000,'BTC/USDC',9300.00000000,0.02944000,2,'2020-07-02 21:32:08'),(23521,9000,'BTC/USDC',9301.00000000,0.00129000,2,'2020-07-02 21:32:08'),(23522,9000,'BTC/USDC',9350.00000000,0.02532000,2,'2020-07-02 21:32:08'),(23523,9000,'BTC/USDC',9363.62000000,0.12500000,2,'2020-07-02 21:32:08'),(23524,9000,'BTC/USDC',9400.00000000,0.03578000,2,'2020-07-02 21:32:08'),(23525,9000,'BTC/USDC',9429.00000000,0.01591000,2,'2020-07-02 21:32:08'),(23526,9000,'BTC/USDC',9450.00000000,0.03090000,2,'2020-07-02 21:32:08'),(23527,9000,'BTC/USDC',9490.00000000,0.00126000,2,'2020-07-02 21:32:08'),(23528,9000,'BTC/USDC',9500.00000000,0.01274000,2,'2020-07-02 21:32:08'),(23529,9000,'BTC/USDC',9501.00000000,0.00380000,2,'2020-07-02 21:32:08'),(23530,9000,'BTC/USDC',9536.00000000,0.00126000,2,'2020-07-02 21:32:08'),(23531,9000,'BTC/USDC',9550.00000000,0.00861000,2,'2020-07-02 21:32:08'),(23532,9000,'BTC/USDC',9556.00000000,0.00115000,2,'2020-07-02 21:32:08'),(23533,9000,'BTC/USDC',9575.00000000,0.00115000,2,'2020-07-02 21:32:08'),(23534,9000,'BTC/USDC',9600.00000000,0.09346000,2,'2020-07-02 21:32:08'),(23535,9000,'BTC/USDC',9650.00000000,0.01696000,2,'2020-07-02 21:32:08'),(23536,9000,'BTC/USDC',9671.00000000,0.00114000,2,'2020-07-02 21:32:08'),(23537,9000,'BTC/USDC',9685.00000000,0.00971000,2,'2020-07-02 21:32:08'),(23538,9000,'BTC/USDC',9700.00000000,0.01637000,2,'2020-07-02 21:32:08'),(23539,9000,'BTC/USDC',9750.00000000,0.00690000,2,'2020-07-02 21:32:08'),(23540,9000,'BTC/USDC',9760.00000000,0.00500000,2,'2020-07-02 21:32:08'),(23541,9000,'BTC/USDC',9766.00000000,0.00113000,2,'2020-07-02 21:32:08'),(23542,9000,'BTC/USDC',9800.00000000,0.08728000,2,'2020-07-02 21:32:08'),(23543,9000,'BTC/USDC',9845.00000000,0.01488000,2,'2020-07-02 21:32:08'),(23544,9000,'BTC/USDC',9860.00000000,0.04706000,2,'2020-07-02 21:32:08'),(23545,9000,'BTC/USDC',9890.00000000,0.04796000,2,'2020-07-02 21:32:08'),(23546,9000,'BTC/USDC',9900.00000000,0.36006000,2,'2020-07-02 21:32:08'),(23547,9000,'BTC/USDC',9901.00000000,0.00200000,2,'2020-07-02 21:32:08'),(23548,9000,'BTC/USDC',9950.00000000,0.00148000,2,'2020-07-02 21:32:08'),(23549,9000,'BTC/USDC',10000.00000000,0.06665000,2,'2020-07-02 21:32:08'),(23550,9000,'BTC/USDC',10049.00000000,0.00246000,2,'2020-07-02 21:32:08'),(23551,9000,'BTC/USDC',10100.00000000,0.21760000,2,'2020-07-02 21:32:08'),(23552,9000,'BTC/USDC',10134.00000000,0.00125000,2,'2020-07-02 21:32:08'),(23553,9000,'BTC/USDC',10200.00000000,0.11624000,2,'2020-07-02 21:32:08'),(23554,9000,'BTC/USDC',10243.00000000,0.00127000,2,'2020-07-02 21:32:08'),(23555,9000,'BTC/USDC',10250.00000000,0.00428000,2,'2020-07-02 21:32:08'),(23556,9000,'BTC/USDC',10300.00000000,0.01632000,2,'2020-07-02 21:32:08'),(23557,9000,'BTC/USDC',10400.00000000,0.01512000,2,'2020-07-02 21:32:08'),(23558,9000,'BTC/USDC',10500.00000000,0.12547000,2,'2020-07-02 21:32:08'),(23559,9000,'BTC/USDC',10550.00000000,0.06111000,2,'2020-07-02 21:32:08'),(23560,9000,'BTC/USDC',10564.00000000,0.00260000,2,'2020-07-02 21:32:08'),(23561,9000,'BTC/USDC',10954.00000000,0.00494000,2,'2020-07-02 21:32:08'),(23562,9000,'BTC/USDC',11000.00000000,0.02199000,2,'2020-07-02 21:32:08'),(23563,9000,'BTC/USDC',11160.00000000,0.00200000,2,'2020-07-02 21:32:08'),(23564,9000,'BTC/USDC',11500.00000000,0.00700000,2,'2020-07-02 21:32:08'),(23565,9000,'BTC/USDC',11512.00000000,0.00500000,2,'2020-07-02 21:32:08'),(23566,9000,'BTC/USDC',11937.50000000,0.00500000,2,'2020-07-02 21:32:08'),(23567,9000,'BTC/USDC',12075.00000000,0.00300000,2,'2020-07-02 21:32:08'),(23568,9000,'BTC/USDC',12100.00000000,0.01404000,2,'2020-07-02 21:32:08'),(23569,9000,'BTC/USDC',12251.00000000,0.00500000,2,'2020-07-02 21:32:08'),(23570,9000,'BTC/USDC',12375.01000000,0.01273000,2,'2020-07-02 21:32:08'),(23571,9000,'BTC/USDC',12427.50000000,0.00860000,2,'2020-07-02 21:32:08'),(23572,9000,'ETH/USDC',225.00000000,0.31440000,1,'2020-07-02 21:32:12'),(23573,9000,'ETH/USDC',223.30000000,0.73000000,1,'2020-07-02 21:32:12'),(23574,9000,'ETH/USDC',223.25000000,0.30000000,1,'2020-07-02 21:32:12'),(23576,9000,'ETH/USDC',221.50000000,0.07900000,1,'2020-07-02 21:32:12'),(23578,9000,'ETH/USDC',215.17000000,0.65530000,1,'2020-07-02 21:32:12'),(23579,9000,'ETH/USDC',215.00000000,0.10000000,1,'2020-07-02 21:32:12'),(23580,9000,'ETH/USDC',210.00000000,0.10000000,1,'2020-07-02 21:32:12'),(23581,9000,'ETH/USDC',206.00000000,0.25000000,1,'2020-07-02 21:32:12'),(23582,9000,'ETH/USDC',205.00000000,0.10000000,1,'2020-07-02 21:32:12'),(23583,9000,'ETH/USDC',202.00000000,0.57426000,1,'2020-07-02 21:32:12'),(23584,9000,'ETH/USDC',200.00000000,0.10000000,1,'2020-07-02 21:32:12'),(23585,9000,'ETH/USDC',190.10000000,2.22023000,1,'2020-07-02 21:32:12'),(23586,9000,'ETH/USDC',178.50000000,0.57143000,1,'2020-07-02 21:32:12'),(23587,9000,'ETH/USDC',165.08000000,0.70102000,1,'2020-07-02 21:32:12'),(23588,9000,'ETH/USDC',165.00000000,0.57333000,1,'2020-07-02 21:32:12'),(23589,9000,'ETH/USDC',153.00000000,4.14980000,1,'2020-07-02 21:32:12'),(23590,9000,'ETH/USDC',150.00000000,0.13795000,1,'2020-07-02 21:32:12'),(23591,9000,'ETH/USDC',141.00000000,0.09041000,1,'2020-07-02 21:32:12'),(23592,9000,'ETH/USDC',135.00000000,0.35000000,1,'2020-07-02 21:32:12'),(23593,9000,'ETH/USDC',129.75000000,0.20000000,1,'2020-07-02 21:32:12'),(23594,9000,'ETH/USDC',125.01000000,0.78353000,1,'2020-07-02 21:32:12'),(23595,9000,'ETH/USDC',232.99000000,0.04393000,2,'2020-07-02 21:32:12'),(23596,9000,'ETH/USDC',233.00000000,0.11947000,2,'2020-07-02 21:32:12'),(23597,9000,'ETH/USDC',238.50000000,0.07900000,2,'2020-07-02 21:32:12'),(23598,9000,'ETH/USDC',240.00000000,1.92800000,2,'2020-07-02 21:32:12'),(23599,9000,'ETH/USDC',243.00000000,0.25063000,2,'2020-07-02 21:32:12'),(23600,9000,'ETH/USDC',244.00000000,0.24300000,2,'2020-07-02 21:32:12'),(23601,9000,'ETH/USDC',247.00000000,0.05579000,2,'2020-07-02 21:32:12'),(23602,9000,'ETH/USDC',250.00000000,1.48449000,2,'2020-07-02 21:32:12'),(23603,9000,'ETH/USDC',252.00000000,0.22958000,2,'2020-07-02 21:32:12'),(23604,9000,'ETH/USDC',253.00000000,0.06934000,2,'2020-07-02 21:32:12'),(23605,9000,'ETH/USDC',254.00000000,0.50442000,2,'2020-07-02 21:32:12'),(23606,9000,'ETH/USDC',255.00000000,0.05000000,2,'2020-07-02 21:32:12'),(23607,9000,'ETH/USDC',256.00000000,0.05000000,2,'2020-07-02 21:32:12'),(23608,9000,'ETH/USDC',260.00000000,1.00000000,2,'2020-07-02 21:32:12'),(23609,9000,'ETH/USDC',269.70000000,1.00000000,2,'2020-07-02 21:32:12'),(23610,9000,'ETH/USDC',270.00000000,2.86221000,2,'2020-07-02 21:32:12'),(23611,9000,'ETH/USDC',321.23000000,0.35000000,2,'2020-07-02 21:32:12'),(23612,9000,'ETH/USDC',325.00000000,0.50000000,2,'2020-07-02 21:32:12'),(23616,9003,'ETH/ARS',27884.00000000,1.79000000,2,'2020-07-02 21:32:19'),(23621,9004,'BTC/ARS',1068013.46000000,0.01383137,1,'2020-07-02 21:32:31'),(23622,9004,'BTC/ARS',1066006.11000000,0.00480579,1,'2020-07-02 21:32:31'),(23623,9004,'BTC/ARS',1063500.00000000,0.02827496,1,'2020-07-02 21:32:31'),(23624,9004,'BTC/ARS',1056006.11000000,0.00486077,1,'2020-07-02 21:32:31'),(23627,9004,'BTC/ARS',1071402.71000000,0.00093335,2,'2020-07-02 21:32:31'),(23628,9004,'BTC/ARS',1072402.71000000,0.00093248,2,'2020-07-02 21:32:31'),(23629,9004,'BTC/ARS',1073402.70000000,0.00093161,2,'2020-07-02 21:32:31'),(23635,9004,'BTC/ARS',1076630.97000000,0.03010082,2,'2020-07-02 21:32:31'),(23636,9004,'BTC/ARS',1076662.72000000,0.02970030,2,'2020-07-02 21:32:31'),(23637,9004,'BTC/ARS',1077645.59000000,0.04223840,2,'2020-07-02 21:32:31'),(23641,9004,'BTC/ARS',1078246.49000000,0.00017839,2,'2020-07-02 21:32:31'),(23642,9004,'ETH/BTC',0.02492741,3.21780000,2,'2020-07-02 21:32:32'),(23646,9000,'BTC/USDC',8956.10000000,0.00531000,1,'2020-07-02 21:32:45'),(23647,9000,'BTC/USDC',7954.77000000,0.00598000,1,'2020-07-02 21:32:45'),(23648,9000,'BTC/USDC',7772.71000000,0.01224000,1,'2020-07-02 21:32:45'),(23649,9000,'BTC/USDC',9249.79000000,0.00277000,2,'2020-07-02 21:32:45'),(23650,9000,'BTC/USDC',9887.00000000,0.00277000,2,'2020-07-02 21:32:45'),(23651,9000,'BTC/USDC',10251.12000000,0.00277000,2,'2020-07-02 21:32:45'),(23652,9000,'BTC/USDC',10433.18000000,0.00554000,2,'2020-07-02 21:32:45'),(23653,9000,'ETH/USDC',221.57000000,1.00000000,1,'2020-07-02 21:32:46'),(23654,9000,'ETH/USDC',219.31000000,1.25000000,1,'2020-07-02 21:32:46'),(23655,9003,'BTC/ARS',1070000.00000000,0.05021900,1,'2020-07-02 21:32:51'),(23656,9003,'BTC/ARS',1083900.00000000,0.00572449,2,'2020-07-02 21:32:51'),(23657,9003,'BTC/ARS',1112880.00000000,0.19996800,2,'2020-07-02 21:32:51'),(23658,9003,'ETH/ARS',25144.00000000,3.64050000,1,'2020-07-02 21:32:53'),(23659,9003,'ETH/ARS',27000.00000000,0.85169027,2,'2020-07-02 21:32:53'),(23660,9003,'XLM/ARS',7.50000000,1690.67870060,1,'2020-07-02 21:32:54'),(23661,9003,'XLM/ARS',8.20000000,315.98163902,2,'2020-07-02 21:32:54'),(23662,9003,'XLM/ARS',8.21000000,2.69523203,2,'2020-07-02 21:32:54'),(23663,9003,'EOS/ARS',279.00000000,0.01660609,2,'2020-07-02 21:32:56'),(23664,9004,'BTC/ARS',1054056.96000000,0.01138566,1,'2020-07-02 21:32:59'),(23665,9004,'BTC/ARS',1069013.46000000,0.00093544,2,'2020-07-02 21:32:59'),(23666,9004,'BTC/ARS',1070400.65000000,0.00407304,2,'2020-07-02 21:32:59'),(23667,9004,'BTC/ARS',1070401.68000000,0.00093422,2,'2020-07-02 21:32:59'),(23668,9004,'BTC/ARS',1074857.59000000,0.03812100,2,'2020-07-02 21:32:59'),(23669,9004,'BTC/ARS',1074857.61000000,0.06544600,2,'2020-07-02 21:32:59'),(23670,9004,'BTC/ARS',1074857.63000000,0.04631000,2,'2020-07-02 21:32:59'),(23671,9004,'BTC/ARS',1074857.65000000,0.04634800,2,'2020-07-02 21:32:59'),(23672,9004,'BTC/ARS',1074857.67000000,0.07535500,2,'2020-07-02 21:32:59'),(23673,9004,'BTC/ARS',1076970.41000000,0.06020409,2,'2020-07-02 21:32:59'),(23674,9004,'BTC/ARS',1077677.37000000,0.06283785,2,'2020-07-02 21:32:59'),(23675,9004,'BTC/ARS',1077677.42000000,0.00091525,2,'2020-07-02 21:32:59'),(23676,9004,'BTC/ARS',1080033.17000000,0.03961227,2,'2020-07-02 21:32:59'),(23677,9004,'BTC/ARS',1080033.28000000,0.03961139,2,'2020-07-02 21:32:59'),(23678,9004,'BTC/ARS',1080065.03000000,0.07747248,2,'2020-07-02 21:32:59'),(23679,9004,'BTC/ARS',1080201.82000000,0.03937822,2,'2020-07-02 21:32:59'),(23680,9004,'BTC/ARS',1080268.47000000,0.03949124,2,'2020-07-02 21:32:59'),(23681,9004,'BTC/ARS',1080374.35000000,0.00225657,2,'2020-07-02 21:32:59'),(23682,9004,'BTC/ARS',1080374.40000000,0.00972539,2,'2020-07-02 21:32:59'),(23683,9004,'ETH/BTC',0.02492740,1.11000000,2,'2020-07-02 21:32:59'),(23684,9004,'ETH/BTC',0.02565009,0.34183821,2,'2020-07-02 21:32:59'),(23685,9004,'XRP/BTC',0.00001862,403.45088900,1,'2020-07-02 21:33:00'),(23686,9004,'XRP/BTC',0.00001982,49.86098700,2,'2020-07-02 21:33:00'),(23687,9004,'XRP/BTC',0.00001983,9.99025000,2,'2020-07-02 21:33:00');
/*!40000 ALTER TABLE `orden` ENABLE KEYS */;
UNLOCK TABLES;

--
-- Table structure for table `precio`
--

DROP TABLE IF EXISTS `precio`;
/*!40101 SET @saved_cs_client     = @@character_set_client */;
/*!40101 SET character_set_client = utf8 */;
CREATE TABLE `precio` (
  `id` int(11) NOT NULL AUTO_INCREMENT,
  `exchange_id` int(11) NOT NULL,
  `par` varchar(255) COLLATE utf8mb4_unicode_ci NOT NULL,
  `precio_compra` double NOT NULL,
  `precio_venta` double NOT NULL,
  `date_time` datetime NOT NULL,
  PRIMARY KEY (`id`),
  KEY `IDX_16A9C1A268AFD1A0` (`exchange_id`),
  CONSTRAINT `FK_16A9C1A268AFD1A0` FOREIGN KEY (`exchange_id`) REFERENCES `exchange` (`id`)
) ENGINE=InnoDB DEFAULT CHARSET=utf8mb4 COLLATE=utf8mb4_unicode_ci;
/*!40101 SET character_set_client = @saved_cs_client */;

--
-- Dumping data for table `precio`
--

LOCK TABLES `precio` WRITE;
/*!40000 ALTER TABLE `precio` DISABLE KEYS */;
/*!40000 ALTER TABLE `precio` ENABLE KEYS */;
UNLOCK TABLES;

--
-- Table structure for table `usuario`
--

DROP TABLE IF EXISTS `usuario`;
/*!40101 SET @saved_cs_client     = @@character_set_client */;
/*!40101 SET character_set_client = utf8 */;
CREATE TABLE `usuario` (
  `id` int(11) NOT NULL AUTO_INCREMENT,
  `email` varchar(255) COLLATE utf8mb4_unicode_ci NOT NULL,
  `nombre` varchar(255) COLLATE utf8mb4_unicode_ci NOT NULL,
  `apellido` varchar(255) COLLATE utf8mb4_unicode_ci NOT NULL,
  `roles` longtext COLLATE utf8mb4_unicode_ci NOT NULL COMMENT '(DC2Type:json)',
  `password` varchar(255) COLLATE utf8mb4_unicode_ci DEFAULT NULL,
  `password_request_token` varchar(255) COLLATE utf8mb4_unicode_ci DEFAULT NULL,
  PRIMARY KEY (`id`),
  UNIQUE KEY `UNIQ_2265B05DE7927C74` (`email`)
) ENGINE=InnoDB AUTO_INCREMENT=2 DEFAULT CHARSET=utf8mb4 COLLATE=utf8mb4_unicode_ci;
/*!40101 SET character_set_client = @saved_cs_client */;

--
-- Dumping data for table `usuario`
--

LOCK TABLES `usuario` WRITE;
/*!40000 ALTER TABLE `usuario` DISABLE KEYS */;
INSERT INTO `usuario` VALUES (1,'equistango@gmail.com','Ernesto','Carrea','[]','$2y$13$94J9KHxRUerSq8Aiz7RxEuEn7eaqvt.tHcCvSh2yuvbGmM/SiZM1S','03a51fe9ca2142d1646f975b88e96f6a4b2b5e4932fb1829f696e436f486c0b0');
/*!40000 ALTER TABLE `usuario` ENABLE KEYS */;
UNLOCK TABLES;
/*!40103 SET TIME_ZONE=@OLD_TIME_ZONE */;

/*!40101 SET SQL_MODE=@OLD_SQL_MODE */;
/*!40014 SET FOREIGN_KEY_CHECKS=@OLD_FOREIGN_KEY_CHECKS */;
/*!40014 SET UNIQUE_CHECKS=@OLD_UNIQUE_CHECKS */;
/*!40101 SET CHARACTER_SET_CLIENT=@OLD_CHARACTER_SET_CLIENT */;
/*!40101 SET CHARACTER_SET_RESULTS=@OLD_CHARACTER_SET_RESULTS */;
/*!40101 SET COLLATION_CONNECTION=@OLD_COLLATION_CONNECTION */;
/*!40111 SET SQL_NOTES=@OLD_SQL_NOTES */;

-- Dump completed on 2020-07-02 21:34:07
